********************************************
*                                          *
*      ORACLE DEMO APPLICATION SETUP       *
*                                          *
*      (c) Bond & Pollard Ltd 2026         *
*                                          *
********************************************

PREREQUISITES
You must install Oracle first

INSTRUCTIONS
This program will install the Oracle demo application.
You will be prompted to enter the parameters required to configure the demo app.
Press ENTER to accept the default values, or enter your own preferences.
Check the log for errors.

Setup is running from source directory: D:\users\ianbo\Documents\Business\Bond-and-Pollard\Admin\IT\source-repository\oracle-appsdemo

Starting setup at Sun May 10 13:54:53 2026

IMPORTANT: You must install Oracle before running this setup.

User confirmed installation to continue.
Prompting user for setup parameters.

Enter the pluggable database service name (Press Enter for default: FREEPDB1): 
>> User entered: FREEPDB1

Enter the application owner username (Press Enter for default: APPSDEMO): 
>> User entered: APPSDEMO

Enter the connection username (Press Enter for default: DEMO_CONNECT): 
>> User entered: DEMO_CONNECT

Enter the listener port (Press Enter for default: 1521): 
>> User entered: 1521

Specify the application home directory APP_HOME.
If specifying a different directory:
> Include the drive letter.
> Separate each directory with a single \. 
> e.g. D:\myapps\demo
> Do not end with a \ unless specifying just the drive root e.g. D:\ 
> You may include spaces and ampersands & in the APP_HOME path. 
> Do not include quotes " 
Enter APP_HOME directory path (Press Enter for default: D:\users\ianbo\Documents\Business\Bond-and-Pollard\Admin\IT\source-repository\oracle-appsdemo): 
>> User entered: d:\demo

Specify the data home directory DATA_HOME.
If specifying a different directory:
> Include the drive letter.
> Separate each directory with a single \. 
> e.g. D:\test\demo
> Do not end with a \ unless specifying just the drive root e.g. D:\ 
> Spaces are not allowed in this path.
> Do not include ampersands &. 
> Do not include quotes ". 
Enter the DATA_HOME data directory path (Press Enter for default: D:\users\ianbo\Documents\Business\Bond-and-Pollard\Admin\IT\source-repository\oracle-appsdemo): 
>> User entered: d:\demo


=======================
INSTALLATION PARAMETERS
=======================
Setup started in                     : D:\users\ianbo\Documents\Business\Bond-and-Pollard\Admin\IT\source-repository\oracle-appsdemo
Database Service                     : FREEPDB1
Listener Port                        : 1521
Database Connection                  : //localhost:1521/FREEPDB1
Application Owner (APP_OWNER)        : APPSDEMO
Connection User (CONNECT_USER)       : DEMO_CONNECT
Application Home Directory (APP_HOME): d:\demo\FREEPDB1\APPSDEMO
Application Home SQL (SQL_APP_HOME)  : d:\\demo\\FREEPDB1\\APPSDEMO
Data Home Directory (DATA_HOME)      : d:\demo\FREEPDB1\APPSDEMO\data
Data Home SQL (SQL_DATA_HOME)        : d:\\demo\\FREEPDB1\\APPSDEMO\\data
Setup Log                            : D:\users\ianbo\Documents\Business\Bond-and-Pollard\Admin\IT\source-repository\oracle-appsdemo\install.log

User confirmed installation to continue.

Creating APP_HOME. Moving files from D:\users\ianbo\Documents\Business\Bond-and-Pollard\Admin\IT\source-repository\oracle-appsdemo to d:\demo\FREEPDB1\APPSDEMO...

Moved file: D:\users\ianbo\Documents\Business\Bond-and-Pollard\Admin\IT\source-repository\oracle-appsdemo\.git\COMMIT_EDITMSG -> d:\demo\FREEPDB1\APPSDEMO\.git\COMMIT_EDITMSG
Moved file: D:\users\ianbo\Documents\Business\Bond-and-Pollard\Admin\IT\source-repository\oracle-appsdemo\.git\config -> d:\demo\FREEPDB1\APPSDEMO\.git\config
Moved file: D:\users\ianbo\Documents\Business\Bond-and-Pollard\Admin\IT\source-repository\oracle-appsdemo\.git\description -> d:\demo\FREEPDB1\APPSDEMO\.git\description
Moved file: D:\users\ianbo\Documents\Business\Bond-and-Pollard\Admin\IT\source-repository\oracle-appsdemo\.git\FETCH_HEAD -> d:\demo\FREEPDB1\APPSDEMO\.git\FETCH_HEAD
Moved file: D:\users\ianbo\Documents\Business\Bond-and-Pollard\Admin\IT\source-repository\oracle-appsdemo\.git\HEAD -> d:\demo\FREEPDB1\APPSDEMO\.git\HEAD
Moved file: D:\users\ianbo\Documents\Business\Bond-and-Pollard\Admin\IT\source-repository\oracle-appsdemo\.git\hooks\applypatch-msg.sample -> d:\demo\FREEPDB1\APPSDEMO\.git\hooks\applypatch-msg.sample
Moved file: D:\users\ianbo\Documents\Business\Bond-and-Pollard\Admin\IT\source-repository\oracle-appsdemo\.git\hooks\commit-msg.sample -> d:\demo\FREEPDB1\APPSDEMO\.git\hooks\commit-msg.sample
Moved file: D:\users\ianbo\Documents\Business\Bond-and-Pollard\Admin\IT\source-repository\oracle-appsdemo\.git\hooks\fsmonitor-watchman.sample -> d:\demo\FREEPDB1\APPSDEMO\.git\hooks\fsmonitor-watchman.sample
Moved file: D:\users\ianbo\Documents\Business\Bond-and-Pollard\Admin\IT\source-repository\oracle-appsdemo\.git\hooks\post-update.sample -> d:\demo\FREEPDB1\APPSDEMO\.git\hooks\post-update.sample
Moved file: D:\users\ianbo\Documents\Business\Bond-and-Pollard\Admin\IT\source-repository\oracle-appsdemo\.git\hooks\pre-applypatch.sample -> d:\demo\FREEPDB1\APPSDEMO\.git\hooks\pre-applypatch.sample
Moved file: D:\users\ianbo\Documents\Business\Bond-and-Pollard\Admin\IT\source-repository\oracle-appsdemo\.git\hooks\pre-commit.sample -> d:\demo\FREEPDB1\APPSDEMO\.git\hooks\pre-commit.sample
Moved file: D:\users\ianbo\Documents\Business\Bond-and-Pollard\Admin\IT\source-repository\oracle-appsdemo\.git\hooks\pre-merge-commit.sample -> d:\demo\FREEPDB1\APPSDEMO\.git\hooks\pre-merge-commit.sample
Moved file: D:\users\ianbo\Documents\Business\Bond-and-Pollard\Admin\IT\source-repository\oracle-appsdemo\.git\hooks\pre-push.sample -> d:\demo\FREEPDB1\APPSDEMO\.git\hooks\pre-push.sample
Moved file: D:\users\ianbo\Documents\Business\Bond-and-Pollard\Admin\IT\source-repository\oracle-appsdemo\.git\hooks\pre-rebase.sample -> d:\demo\FREEPDB1\APPSDEMO\.git\hooks\pre-rebase.sample
Moved file: D:\users\ianbo\Documents\Business\Bond-and-Pollard\Admin\IT\source-repository\oracle-appsdemo\.git\hooks\pre-receive.sample -> d:\demo\FREEPDB1\APPSDEMO\.git\hooks\pre-receive.sample
Moved file: D:\users\ianbo\Documents\Business\Bond-and-Pollard\Admin\IT\source-repository\oracle-appsdemo\.git\hooks\prepare-commit-msg.sample -> d:\demo\FREEPDB1\APPSDEMO\.git\hooks\prepare-commit-msg.sample
Moved file: D:\users\ianbo\Documents\Business\Bond-and-Pollard\Admin\IT\source-repository\oracle-appsdemo\.git\hooks\push-to-checkout.sample -> d:\demo\FREEPDB1\APPSDEMO\.git\hooks\push-to-checkout.sample
Moved file: D:\users\ianbo\Documents\Business\Bond-and-Pollard\Admin\IT\source-repository\oracle-appsdemo\.git\hooks\sendemail-validate.sample -> d:\demo\FREEPDB1\APPSDEMO\.git\hooks\sendemail-validate.sample
Moved file: D:\users\ianbo\Documents\Business\Bond-and-Pollard\Admin\IT\source-repository\oracle-appsdemo\.git\hooks\update.sample -> d:\demo\FREEPDB1\APPSDEMO\.git\hooks\update.sample
Moved file: D:\users\ianbo\Documents\Business\Bond-and-Pollard\Admin\IT\source-repository\oracle-appsdemo\.git\index -> d:\demo\FREEPDB1\APPSDEMO\.git\index
Moved file: D:\users\ianbo\Documents\Business\Bond-and-Pollard\Admin\IT\source-repository\oracle-appsdemo\.git\info\exclude -> d:\demo\FREEPDB1\APPSDEMO\.git\info\exclude
Moved file: D:\users\ianbo\Documents\Business\Bond-and-Pollard\Admin\IT\source-repository\oracle-appsdemo\.git\logs\HEAD -> d:\demo\FREEPDB1\APPSDEMO\.git\logs\HEAD
Moved file: D:\users\ianbo\Documents\Business\Bond-and-Pollard\Admin\IT\source-repository\oracle-appsdemo\.git\logs\refs\heads\main -> d:\demo\FREEPDB1\APPSDEMO\.git\logs\refs\heads\main
Moved file: D:\users\ianbo\Documents\Business\Bond-and-Pollard\Admin\IT\source-repository\oracle-appsdemo\.git\logs\refs\remotes\origin\HEAD -> d:\demo\FREEPDB1\APPSDEMO\.git\logs\refs\remotes\origin\HEAD
Moved file: D:\users\ianbo\Documents\Business\Bond-and-Pollard\Admin\IT\source-repository\oracle-appsdemo\.git\logs\refs\remotes\origin\main -> d:\demo\FREEPDB1\APPSDEMO\.git\logs\refs\remotes\origin\main
Moved file: D:\users\ianbo\Documents\Business\Bond-and-Pollard\Admin\IT\source-repository\oracle-appsdemo\.git\objects\00\4464575a0db9118a4d643c5467410db4758cf8 -> d:\demo\FREEPDB1\APPSDEMO\.git\objects\00\4464575a0db9118a4d643c5467410db4758cf8
Moved file: D:\users\ianbo\Documents\Business\Bond-and-Pollard\Admin\IT\source-repository\oracle-appsdemo\.git\objects\00\ffed850192fa6e09924d1b188dc4c60f56554e -> d:\demo\FREEPDB1\APPSDEMO\.git\objects\00\ffed850192fa6e09924d1b188dc4c60f56554e
Moved file: D:\users\ianbo\Documents\Business\Bond-and-Pollard\Admin\IT\source-repository\oracle-appsdemo\.git\objects\02\23c09ece00f82f19ae7a13618c81a7ea80b885 -> d:\demo\FREEPDB1\APPSDEMO\.git\objects\02\23c09ece00f82f19ae7a13618c81a7ea80b885
Moved file: D:\users\ianbo\Documents\Business\Bond-and-Pollard\Admin\IT\source-repository\oracle-appsdemo\.git\objects\03\a8472aaa06611210d77c191648e50e43998667 -> d:\demo\FREEPDB1\APPSDEMO\.git\objects\03\a8472aaa06611210d77c191648e50e43998667
Moved file: D:\users\ianbo\Documents\Business\Bond-and-Pollard\Admin\IT\source-repository\oracle-appsdemo\.git\objects\04\266ddd187ba1504b0457d4db96657992fa82d3 -> d:\demo\FREEPDB1\APPSDEMO\.git\objects\04\266ddd187ba1504b0457d4db96657992fa82d3
Moved file: D:\users\ianbo\Documents\Business\Bond-and-Pollard\Admin\IT\source-repository\oracle-appsdemo\.git\objects\04\5397f49f7fe22c75759fef5e01706f9ef6313d -> d:\demo\FREEPDB1\APPSDEMO\.git\objects\04\5397f49f7fe22c75759fef5e01706f9ef6313d
Moved file: D:\users\ianbo\Documents\Business\Bond-and-Pollard\Admin\IT\source-repository\oracle-appsdemo\.git\objects\05\89305d58348f694987cb8ae3f458aa6f494062 -> d:\demo\FREEPDB1\APPSDEMO\.git\objects\05\89305d58348f694987cb8ae3f458aa6f494062
Moved file: D:\users\ianbo\Documents\Business\Bond-and-Pollard\Admin\IT\source-repository\oracle-appsdemo\.git\objects\05\cc5918dfac5c2866c7384f556a4119d2440050 -> d:\demo\FREEPDB1\APPSDEMO\.git\objects\05\cc5918dfac5c2866c7384f556a4119d2440050
Moved file: D:\users\ianbo\Documents\Business\Bond-and-Pollard\Admin\IT\source-repository\oracle-appsdemo\.git\objects\05\d673285a0c2980db1db6573876cfe5e789431a -> d:\demo\FREEPDB1\APPSDEMO\.git\objects\05\d673285a0c2980db1db6573876cfe5e789431a
Moved file: D:\users\ianbo\Documents\Business\Bond-and-Pollard\Admin\IT\source-repository\oracle-appsdemo\.git\objects\06\f7a5162f80191260315b4c48edb9978f99438e -> d:\demo\FREEPDB1\APPSDEMO\.git\objects\06\f7a5162f80191260315b4c48edb9978f99438e
Moved file: D:\users\ianbo\Documents\Business\Bond-and-Pollard\Admin\IT\source-repository\oracle-appsdemo\.git\objects\07\0269557283d7a84f951776d37365385dc8be11 -> d:\demo\FREEPDB1\APPSDEMO\.git\objects\07\0269557283d7a84f951776d37365385dc8be11
Moved file: D:\users\ianbo\Documents\Business\Bond-and-Pollard\Admin\IT\source-repository\oracle-appsdemo\.git\objects\07\39702abad2c4c988925eb9c3d7b7c844756e2b -> d:\demo\FREEPDB1\APPSDEMO\.git\objects\07\39702abad2c4c988925eb9c3d7b7c844756e2b
Moved file: D:\users\ianbo\Documents\Business\Bond-and-Pollard\Admin\IT\source-repository\oracle-appsdemo\.git\objects\07\5633f48325e98b0fcffed51978bf254b97b2ca -> d:\demo\FREEPDB1\APPSDEMO\.git\objects\07\5633f48325e98b0fcffed51978bf254b97b2ca
Moved file: D:\users\ianbo\Documents\Business\Bond-and-Pollard\Admin\IT\source-repository\oracle-appsdemo\.git\objects\07\640bc595198351430f9f012043c28c07dbde02 -> d:\demo\FREEPDB1\APPSDEMO\.git\objects\07\640bc595198351430f9f012043c28c07dbde02
Moved file: D:\users\ianbo\Documents\Business\Bond-and-Pollard\Admin\IT\source-repository\oracle-appsdemo\.git\objects\07\c1b94cb7f83cb84582114b3d795d746a8322ac -> d:\demo\FREEPDB1\APPSDEMO\.git\objects\07\c1b94cb7f83cb84582114b3d795d746a8322ac
Moved file: D:\users\ianbo\Documents\Business\Bond-and-Pollard\Admin\IT\source-repository\oracle-appsdemo\.git\objects\07\c6e6bbfec0376e66b9f66ae0390a9d746aa9f7 -> d:\demo\FREEPDB1\APPSDEMO\.git\objects\07\c6e6bbfec0376e66b9f66ae0390a9d746aa9f7
Moved file: D:\users\ianbo\Documents\Business\Bond-and-Pollard\Admin\IT\source-repository\oracle-appsdemo\.git\objects\08\7c8b5dffe765f80ba6b0af6aff184d59c01f6c -> d:\demo\FREEPDB1\APPSDEMO\.git\objects\08\7c8b5dffe765f80ba6b0af6aff184d59c01f6c
Moved file: D:\users\ianbo\Documents\Business\Bond-and-Pollard\Admin\IT\source-repository\oracle-appsdemo\.git\objects\09\05ef58f485b26ce7dcab436b37a279a0a506f9 -> d:\demo\FREEPDB1\APPSDEMO\.git\objects\09\05ef58f485b26ce7dcab436b37a279a0a506f9
Moved file: D:\users\ianbo\Documents\Business\Bond-and-Pollard\Admin\IT\source-repository\oracle-appsdemo\.git\objects\09\7efa782f9c46358143b6c82e6b9c8ee6999ecd -> d:\demo\FREEPDB1\APPSDEMO\.git\objects\09\7efa782f9c46358143b6c82e6b9c8ee6999ecd
Moved file: D:\users\ianbo\Documents\Business\Bond-and-Pollard\Admin\IT\source-repository\oracle-appsdemo\.git\objects\09\b6df1d5760875ba7d700993bfd55239a202f00 -> d:\demo\FREEPDB1\APPSDEMO\.git\objects\09\b6df1d5760875ba7d700993bfd55239a202f00
Moved file: D:\users\ianbo\Documents\Business\Bond-and-Pollard\Admin\IT\source-repository\oracle-appsdemo\.git\objects\09\ba41986c203634f8fabf95418ea4ddaf891e26 -> d:\demo\FREEPDB1\APPSDEMO\.git\objects\09\ba41986c203634f8fabf95418ea4ddaf891e26
Moved file: D:\users\ianbo\Documents\Business\Bond-and-Pollard\Admin\IT\source-repository\oracle-appsdemo\.git\objects\09\c21e9aa8b62536f485e3c72cba9bda47f5da15 -> d:\demo\FREEPDB1\APPSDEMO\.git\objects\09\c21e9aa8b62536f485e3c72cba9bda47f5da15
Moved file: D:\users\ianbo\Documents\Business\Bond-and-Pollard\Admin\IT\source-repository\oracle-appsdemo\.git\objects\09\d9619d0d6d663ee4e615cdff8f72ae1b383a00 -> d:\demo\FREEPDB1\APPSDEMO\.git\objects\09\d9619d0d6d663ee4e615cdff8f72ae1b383a00
Moved file: D:\users\ianbo\Documents\Business\Bond-and-Pollard\Admin\IT\source-repository\oracle-appsdemo\.git\objects\0a\54eb52d9b40d39fbb4986ed6fa66b3c87b6942 -> d:\demo\FREEPDB1\APPSDEMO\.git\objects\0a\54eb52d9b40d39fbb4986ed6fa66b3c87b6942
Moved file: D:\users\ianbo\Documents\Business\Bond-and-Pollard\Admin\IT\source-repository\oracle-appsdemo\.git\objects\0a\9ba356e9891ad042b89a0a4ffaf03089ca9b13 -> d:\demo\FREEPDB1\APPSDEMO\.git\objects\0a\9ba356e9891ad042b89a0a4ffaf03089ca9b13
Moved file: D:\users\ianbo\Documents\Business\Bond-and-Pollard\Admin\IT\source-repository\oracle-appsdemo\.git\objects\0a\fb16df85a67c3c168c990c2f5c0085dad81018 -> d:\demo\FREEPDB1\APPSDEMO\.git\objects\0a\fb16df85a67c3c168c990c2f5c0085dad81018
Moved file: D:\users\ianbo\Documents\Business\Bond-and-Pollard\Admin\IT\source-repository\oracle-appsdemo\.git\objects\0b\3ea084927b5f8d43f107731eaf0b4ecec26744 -> d:\demo\FREEPDB1\APPSDEMO\.git\objects\0b\3ea084927b5f8d43f107731eaf0b4ecec26744
Moved file: D:\users\ianbo\Documents\Business\Bond-and-Pollard\Admin\IT\source-repository\oracle-appsdemo\.git\objects\0b\63ce8e6dd2957dc745bedfadddf64384ba795f -> d:\demo\FREEPDB1\APPSDEMO\.git\objects\0b\63ce8e6dd2957dc745bedfadddf64384ba795f
Moved file: D:\users\ianbo\Documents\Business\Bond-and-Pollard\Admin\IT\source-repository\oracle-appsdemo\.git\objects\0b\6fa92038eeccbd6a2a0e03c077e4ef084a72ab -> d:\demo\FREEPDB1\APPSDEMO\.git\objects\0b\6fa92038eeccbd6a2a0e03c077e4ef084a72ab
Moved file: D:\users\ianbo\Documents\Business\Bond-and-Pollard\Admin\IT\source-repository\oracle-appsdemo\.git\objects\0b\76bcec78d2e8c5f154255fc9606028a150703b -> d:\demo\FREEPDB1\APPSDEMO\.git\objects\0b\76bcec78d2e8c5f154255fc9606028a150703b
Moved file: D:\users\ianbo\Documents\Business\Bond-and-Pollard\Admin\IT\source-repository\oracle-appsdemo\.git\objects\0b\bb34994c31dc9224165c6e668f63dbc7666eb4 -> d:\demo\FREEPDB1\APPSDEMO\.git\objects\0b\bb34994c31dc9224165c6e668f63dbc7666eb4
Moved file: D:\users\ianbo\Documents\Business\Bond-and-Pollard\Admin\IT\source-repository\oracle-appsdemo\.git\objects\0c\47f05ea9a4c693a2a50937f163db6dee7f4f2d -> d:\demo\FREEPDB1\APPSDEMO\.git\objects\0c\47f05ea9a4c693a2a50937f163db6dee7f4f2d
Moved file: D:\users\ianbo\Documents\Business\Bond-and-Pollard\Admin\IT\source-repository\oracle-appsdemo\.git\objects\0c\c743655ee1477a95c9a8e66ab3004002156a5f -> d:\demo\FREEPDB1\APPSDEMO\.git\objects\0c\c743655ee1477a95c9a8e66ab3004002156a5f
Moved file: D:\users\ianbo\Documents\Business\Bond-and-Pollard\Admin\IT\source-repository\oracle-appsdemo\.git\objects\0d\0af490232256c6e5831569a6f0b96f90ea55f2 -> d:\demo\FREEPDB1\APPSDEMO\.git\objects\0d\0af490232256c6e5831569a6f0b96f90ea55f2
Moved file: D:\users\ianbo\Documents\Business\Bond-and-Pollard\Admin\IT\source-repository\oracle-appsdemo\.git\objects\0d\f8b21ff877d4af496ea7dc92693f56a7e5778d -> d:\demo\FREEPDB1\APPSDEMO\.git\objects\0d\f8b21ff877d4af496ea7dc92693f56a7e5778d
Moved file: D:\users\ianbo\Documents\Business\Bond-and-Pollard\Admin\IT\source-repository\oracle-appsdemo\.git\objects\0e\c9ccd2c99aa0dab4f21098f52568a551d20358 -> d:\demo\FREEPDB1\APPSDEMO\.git\objects\0e\c9ccd2c99aa0dab4f21098f52568a551d20358
Moved file: D:\users\ianbo\Documents\Business\Bond-and-Pollard\Admin\IT\source-repository\oracle-appsdemo\.git\objects\0e\d0a200d5684ab57002352a9f7483d739993262 -> d:\demo\FREEPDB1\APPSDEMO\.git\objects\0e\d0a200d5684ab57002352a9f7483d739993262
Moved file: D:\users\ianbo\Documents\Business\Bond-and-Pollard\Admin\IT\source-repository\oracle-appsdemo\.git\objects\0e\f4d717d629e97fa75b4a20357a9da767e7b1b1 -> d:\demo\FREEPDB1\APPSDEMO\.git\objects\0e\f4d717d629e97fa75b4a20357a9da767e7b1b1
Moved file: D:\users\ianbo\Documents\Business\Bond-and-Pollard\Admin\IT\source-repository\oracle-appsdemo\.git\objects\0f\95258300e34bf175389f8fbb8ab394fc35a3ff -> d:\demo\FREEPDB1\APPSDEMO\.git\objects\0f\95258300e34bf175389f8fbb8ab394fc35a3ff
Moved file: D:\users\ianbo\Documents\Business\Bond-and-Pollard\Admin\IT\source-repository\oracle-appsdemo\.git\objects\0f\ed4c1693dad325e0c3d01816f9f1b662a1f50b -> d:\demo\FREEPDB1\APPSDEMO\.git\objects\0f\ed4c1693dad325e0c3d01816f9f1b662a1f50b
Moved file: D:\users\ianbo\Documents\Business\Bond-and-Pollard\Admin\IT\source-repository\oracle-appsdemo\.git\objects\10\94874bf516c5fb429ca3536b484ffb3cfbbbb9 -> d:\demo\FREEPDB1\APPSDEMO\.git\objects\10\94874bf516c5fb429ca3536b484ffb3cfbbbb9
Moved file: D:\users\ianbo\Documents\Business\Bond-and-Pollard\Admin\IT\source-repository\oracle-appsdemo\.git\objects\10\f003a84c087dc0e9d602180b3c6b06d26c5604 -> d:\demo\FREEPDB1\APPSDEMO\.git\objects\10\f003a84c087dc0e9d602180b3c6b06d26c5604
Moved file: D:\users\ianbo\Documents\Business\Bond-and-Pollard\Admin\IT\source-repository\oracle-appsdemo\.git\objects\10\fe09f53f77af40972835ad770618a349470bb4 -> d:\demo\FREEPDB1\APPSDEMO\.git\objects\10\fe09f53f77af40972835ad770618a349470bb4
Moved file: D:\users\ianbo\Documents\Business\Bond-and-Pollard\Admin\IT\source-repository\oracle-appsdemo\.git\objects\12\63a59e1a7e036e295deadae845321cea763077 -> d:\demo\FREEPDB1\APPSDEMO\.git\objects\12\63a59e1a7e036e295deadae845321cea763077
Moved file: D:\users\ianbo\Documents\Business\Bond-and-Pollard\Admin\IT\source-repository\oracle-appsdemo\.git\objects\12\92f793c5c7a74fb775d4f7943258c7d885ac0b -> d:\demo\FREEPDB1\APPSDEMO\.git\objects\12\92f793c5c7a74fb775d4f7943258c7d885ac0b
Moved file: D:\users\ianbo\Documents\Business\Bond-and-Pollard\Admin\IT\source-repository\oracle-appsdemo\.git\objects\12\c7dc2559c777cf9f529ed5cf968ae81663f3f3 -> d:\demo\FREEPDB1\APPSDEMO\.git\objects\12\c7dc2559c777cf9f529ed5cf968ae81663f3f3
Moved file: D:\users\ianbo\Documents\Business\Bond-and-Pollard\Admin\IT\source-repository\oracle-appsdemo\.git\objects\13\2c1cae711c4ac2fcb5d6521796fb5a3c4cb722 -> d:\demo\FREEPDB1\APPSDEMO\.git\objects\13\2c1cae711c4ac2fcb5d6521796fb5a3c4cb722
Moved file: D:\users\ianbo\Documents\Business\Bond-and-Pollard\Admin\IT\source-repository\oracle-appsdemo\.git\objects\13\d33c187e9ca63120edaa5c08a57f28812de3b3 -> d:\demo\FREEPDB1\APPSDEMO\.git\objects\13\d33c187e9ca63120edaa5c08a57f28812de3b3
Moved file: D:\users\ianbo\Documents\Business\Bond-and-Pollard\Admin\IT\source-repository\oracle-appsdemo\.git\objects\13\e9cee4e72673fd36cd31109c79261a9b1fdc76 -> d:\demo\FREEPDB1\APPSDEMO\.git\objects\13\e9cee4e72673fd36cd31109c79261a9b1fdc76
Moved file: D:\users\ianbo\Documents\Business\Bond-and-Pollard\Admin\IT\source-repository\oracle-appsdemo\.git\objects\14\414b534a0798a778d22aced5f978cd15379f32 -> d:\demo\FREEPDB1\APPSDEMO\.git\objects\14\414b534a0798a778d22aced5f978cd15379f32
Moved file: D:\users\ianbo\Documents\Business\Bond-and-Pollard\Admin\IT\source-repository\oracle-appsdemo\.git\objects\14\577f113d4e73c9537866b0c45005cf50a14032 -> d:\demo\FREEPDB1\APPSDEMO\.git\objects\14\577f113d4e73c9537866b0c45005cf50a14032
Moved file: D:\users\ianbo\Documents\Business\Bond-and-Pollard\Admin\IT\source-repository\oracle-appsdemo\.git\objects\14\81a171a043d953e82e15b2dc3203661ba35604 -> d:\demo\FREEPDB1\APPSDEMO\.git\objects\14\81a171a043d953e82e15b2dc3203661ba35604
Moved file: D:\users\ianbo\Documents\Business\Bond-and-Pollard\Admin\IT\source-repository\oracle-appsdemo\.git\objects\14\b70861710b327b90a4b7b66118e9ec320638d1 -> d:\demo\FREEPDB1\APPSDEMO\.git\objects\14\b70861710b327b90a4b7b66118e9ec320638d1
Moved file: D:\users\ianbo\Documents\Business\Bond-and-Pollard\Admin\IT\source-repository\oracle-appsdemo\.git\objects\15\219b27f458a6c7ca404fae32c084ffdd6a8c7e -> d:\demo\FREEPDB1\APPSDEMO\.git\objects\15\219b27f458a6c7ca404fae32c084ffdd6a8c7e
Moved file: D:\users\ianbo\Documents\Business\Bond-and-Pollard\Admin\IT\source-repository\oracle-appsdemo\.git\objects\15\6290028b0bc93133751175ed2395ee1413a6b2 -> d:\demo\FREEPDB1\APPSDEMO\.git\objects\15\6290028b0bc93133751175ed2395ee1413a6b2
Moved file: D:\users\ianbo\Documents\Business\Bond-and-Pollard\Admin\IT\source-repository\oracle-appsdemo\.git\objects\15\864b8adfeb507d13d23c302315ec137f613524 -> d:\demo\FREEPDB1\APPSDEMO\.git\objects\15\864b8adfeb507d13d23c302315ec137f613524
Moved file: D:\users\ianbo\Documents\Business\Bond-and-Pollard\Admin\IT\source-repository\oracle-appsdemo\.git\objects\15\95cc8a266f8b138ea80b045c05853696d79535 -> d:\demo\FREEPDB1\APPSDEMO\.git\objects\15\95cc8a266f8b138ea80b045c05853696d79535
Moved file: D:\users\ianbo\Documents\Business\Bond-and-Pollard\Admin\IT\source-repository\oracle-appsdemo\.git\objects\15\d4440ec0ed9da1ae73e77352a6d3fdcb69a599 -> d:\demo\FREEPDB1\APPSDEMO\.git\objects\15\d4440ec0ed9da1ae73e77352a6d3fdcb69a599
Moved file: D:\users\ianbo\Documents\Business\Bond-and-Pollard\Admin\IT\source-repository\oracle-appsdemo\.git\objects\16\0f77c6a1f38e1e7f5289b1e8ae14f6406288a6 -> d:\demo\FREEPDB1\APPSDEMO\.git\objects\16\0f77c6a1f38e1e7f5289b1e8ae14f6406288a6
Moved file: D:\users\ianbo\Documents\Business\Bond-and-Pollard\Admin\IT\source-repository\oracle-appsdemo\.git\objects\16\486b35995058ebfa960ebbc6f37418896594f1 -> d:\demo\FREEPDB1\APPSDEMO\.git\objects\16\486b35995058ebfa960ebbc6f37418896594f1
Moved file: D:\users\ianbo\Documents\Business\Bond-and-Pollard\Admin\IT\source-repository\oracle-appsdemo\.git\objects\16\be598140565b2d81e3b626a16367b3110a7b30 -> d:\demo\FREEPDB1\APPSDEMO\.git\objects\16\be598140565b2d81e3b626a16367b3110a7b30
Moved file: D:\users\ianbo\Documents\Business\Bond-and-Pollard\Admin\IT\source-repository\oracle-appsdemo\.git\objects\16\c6546e30575134d6f98c049dceee003b32bc33 -> d:\demo\FREEPDB1\APPSDEMO\.git\objects\16\c6546e30575134d6f98c049dceee003b32bc33
Moved file: D:\users\ianbo\Documents\Business\Bond-and-Pollard\Admin\IT\source-repository\oracle-appsdemo\.git\objects\16\ccfeab0856296fd80df48fada4d5ec40075571 -> d:\demo\FREEPDB1\APPSDEMO\.git\objects\16\ccfeab0856296fd80df48fada4d5ec40075571
Moved file: D:\users\ianbo\Documents\Business\Bond-and-Pollard\Admin\IT\source-repository\oracle-appsdemo\.git\objects\18\1b2d1c84394cb169a880fb5a658ce4bde61014 -> d:\demo\FREEPDB1\APPSDEMO\.git\objects\18\1b2d1c84394cb169a880fb5a658ce4bde61014
Moved file: D:\users\ianbo\Documents\Business\Bond-and-Pollard\Admin\IT\source-repository\oracle-appsdemo\.git\objects\18\5dade3f58cf4259d80811c3959af80928d169e -> d:\demo\FREEPDB1\APPSDEMO\.git\objects\18\5dade3f58cf4259d80811c3959af80928d169e
Moved file: D:\users\ianbo\Documents\Business\Bond-and-Pollard\Admin\IT\source-repository\oracle-appsdemo\.git\objects\18\67b6139fe445cc27c98429c90537df06dd1a1b -> d:\demo\FREEPDB1\APPSDEMO\.git\objects\18\67b6139fe445cc27c98429c90537df06dd1a1b
Moved file: D:\users\ianbo\Documents\Business\Bond-and-Pollard\Admin\IT\source-repository\oracle-appsdemo\.git\objects\18\8389c1e271e999f405225116fe09b3aab39034 -> d:\demo\FREEPDB1\APPSDEMO\.git\objects\18\8389c1e271e999f405225116fe09b3aab39034
Moved file: D:\users\ianbo\Documents\Business\Bond-and-Pollard\Admin\IT\source-repository\oracle-appsdemo\.git\objects\18\a3f534a6f15279c5e5f191aafbb7a4c8d4598c -> d:\demo\FREEPDB1\APPSDEMO\.git\objects\18\a3f534a6f15279c5e5f191aafbb7a4c8d4598c
Moved file: D:\users\ianbo\Documents\Business\Bond-and-Pollard\Admin\IT\source-repository\oracle-appsdemo\.git\objects\18\af036bdbf85c3667c2832934452d3bac8ce8e5 -> d:\demo\FREEPDB1\APPSDEMO\.git\objects\18\af036bdbf85c3667c2832934452d3bac8ce8e5
Moved file: D:\users\ianbo\Documents\Business\Bond-and-Pollard\Admin\IT\source-repository\oracle-appsdemo\.git\objects\18\f1ef9b3c1db560fa6385d316495ff4c1188419 -> d:\demo\FREEPDB1\APPSDEMO\.git\objects\18\f1ef9b3c1db560fa6385d316495ff4c1188419
Moved file: D:\users\ianbo\Documents\Business\Bond-and-Pollard\Admin\IT\source-repository\oracle-appsdemo\.git\objects\19\21937995bb5acdfc8df4c1e5b3cab9017d5b9c -> d:\demo\FREEPDB1\APPSDEMO\.git\objects\19\21937995bb5acdfc8df4c1e5b3cab9017d5b9c
Moved file: D:\users\ianbo\Documents\Business\Bond-and-Pollard\Admin\IT\source-repository\oracle-appsdemo\.git\objects\19\819866a34adf9f1276bf8636810eb1a18f01f9 -> d:\demo\FREEPDB1\APPSDEMO\.git\objects\19\819866a34adf9f1276bf8636810eb1a18f01f9
Moved file: D:\users\ianbo\Documents\Business\Bond-and-Pollard\Admin\IT\source-repository\oracle-appsdemo\.git\objects\19\a8e4c99af0bc3b16ec0616fb38b080bf4080c0 -> d:\demo\FREEPDB1\APPSDEMO\.git\objects\19\a8e4c99af0bc3b16ec0616fb38b080bf4080c0
Moved file: D:\users\ianbo\Documents\Business\Bond-and-Pollard\Admin\IT\source-repository\oracle-appsdemo\.git\objects\19\e4e61020d44d5e77a681e1aa5a01c53f3bcff2 -> d:\demo\FREEPDB1\APPSDEMO\.git\objects\19\e4e61020d44d5e77a681e1aa5a01c53f3bcff2
Moved file: D:\users\ianbo\Documents\Business\Bond-and-Pollard\Admin\IT\source-repository\oracle-appsdemo\.git\objects\1a\b033b6ea535d8774abc9e604f658281a646dc2 -> d:\demo\FREEPDB1\APPSDEMO\.git\objects\1a\b033b6ea535d8774abc9e604f658281a646dc2
Moved file: D:\users\ianbo\Documents\Business\Bond-and-Pollard\Admin\IT\source-repository\oracle-appsdemo\.git\objects\1b\c70e68b5194598dbc16817e48a72377ea20730 -> d:\demo\FREEPDB1\APPSDEMO\.git\objects\1b\c70e68b5194598dbc16817e48a72377ea20730
Moved file: D:\users\ianbo\Documents\Business\Bond-and-Pollard\Admin\IT\source-repository\oracle-appsdemo\.git\objects\1b\f2805ce971d5bbdd9a8ac7d8cb043bf570d7bd -> d:\demo\FREEPDB1\APPSDEMO\.git\objects\1b\f2805ce971d5bbdd9a8ac7d8cb043bf570d7bd
Moved file: D:\users\ianbo\Documents\Business\Bond-and-Pollard\Admin\IT\source-repository\oracle-appsdemo\.git\objects\1d\5289b07f7841c10c732c07327af00ed8b9aa68 -> d:\demo\FREEPDB1\APPSDEMO\.git\objects\1d\5289b07f7841c10c732c07327af00ed8b9aa68
Moved file: D:\users\ianbo\Documents\Business\Bond-and-Pollard\Admin\IT\source-repository\oracle-appsdemo\.git\objects\1d\6cbf3a890796fda96ce84ea7b1c331043cc773 -> d:\demo\FREEPDB1\APPSDEMO\.git\objects\1d\6cbf3a890796fda96ce84ea7b1c331043cc773
Moved file: D:\users\ianbo\Documents\Business\Bond-and-Pollard\Admin\IT\source-repository\oracle-appsdemo\.git\objects\1d\fb0dc455890ec1b811b89045340c741d662332 -> d:\demo\FREEPDB1\APPSDEMO\.git\objects\1d\fb0dc455890ec1b811b89045340c741d662332
Moved file: D:\users\ianbo\Documents\Business\Bond-and-Pollard\Admin\IT\source-repository\oracle-appsdemo\.git\objects\1e\5678b5f229fe0e627c2f8c5be487da2a60d00b -> d:\demo\FREEPDB1\APPSDEMO\.git\objects\1e\5678b5f229fe0e627c2f8c5be487da2a60d00b
Moved file: D:\users\ianbo\Documents\Business\Bond-and-Pollard\Admin\IT\source-repository\oracle-appsdemo\.git\objects\1e\bb81a2b30e8523c7e1e04a0e8568b9e039ec29 -> d:\demo\FREEPDB1\APPSDEMO\.git\objects\1e\bb81a2b30e8523c7e1e04a0e8568b9e039ec29
Moved file: D:\users\ianbo\Documents\Business\Bond-and-Pollard\Admin\IT\source-repository\oracle-appsdemo\.git\objects\1e\c6bd52d17dd74ba42ee57013407ec1f89cfebd -> d:\demo\FREEPDB1\APPSDEMO\.git\objects\1e\c6bd52d17dd74ba42ee57013407ec1f89cfebd
Moved file: D:\users\ianbo\Documents\Business\Bond-and-Pollard\Admin\IT\source-repository\oracle-appsdemo\.git\objects\1e\d81e6fa61853270c1db425395fb7f0678bb2b9 -> d:\demo\FREEPDB1\APPSDEMO\.git\objects\1e\d81e6fa61853270c1db425395fb7f0678bb2b9
Moved file: D:\users\ianbo\Documents\Business\Bond-and-Pollard\Admin\IT\source-repository\oracle-appsdemo\.git\objects\1f\7390a33b1165378cd5901c7c47d347cdd2a5b0 -> d:\demo\FREEPDB1\APPSDEMO\.git\objects\1f\7390a33b1165378cd5901c7c47d347cdd2a5b0
Moved file: D:\users\ianbo\Documents\Business\Bond-and-Pollard\Admin\IT\source-repository\oracle-appsdemo\.git\objects\1f\ccdf22bf4a800f2bc7a64e05f741ac553e42fa -> d:\demo\FREEPDB1\APPSDEMO\.git\objects\1f\ccdf22bf4a800f2bc7a64e05f741ac553e42fa
Moved file: D:\users\ianbo\Documents\Business\Bond-and-Pollard\Admin\IT\source-repository\oracle-appsdemo\.git\objects\1f\f6a5d6822f54c7390de07648a669be1dc903b8 -> d:\demo\FREEPDB1\APPSDEMO\.git\objects\1f\f6a5d6822f54c7390de07648a669be1dc903b8
Moved file: D:\users\ianbo\Documents\Business\Bond-and-Pollard\Admin\IT\source-repository\oracle-appsdemo\.git\objects\20\02b2297caaf62c2ae4d5f2bab3585b952e90ce -> d:\demo\FREEPDB1\APPSDEMO\.git\objects\20\02b2297caaf62c2ae4d5f2bab3585b952e90ce
Moved file: D:\users\ianbo\Documents\Business\Bond-and-Pollard\Admin\IT\source-repository\oracle-appsdemo\.git\objects\20\8237b232a370e1229f2ef9ad8248816da6df86 -> d:\demo\FREEPDB1\APPSDEMO\.git\objects\20\8237b232a370e1229f2ef9ad8248816da6df86
Moved file: D:\users\ianbo\Documents\Business\Bond-and-Pollard\Admin\IT\source-repository\oracle-appsdemo\.git\objects\21\0b304700d50991a9d3f1dcf4fd984aec2b3176 -> d:\demo\FREEPDB1\APPSDEMO\.git\objects\21\0b304700d50991a9d3f1dcf4fd984aec2b3176
Moved file: D:\users\ianbo\Documents\Business\Bond-and-Pollard\Admin\IT\source-repository\oracle-appsdemo\.git\objects\21\d89b282770ddc1526a5d9565506fb9f1b04009 -> d:\demo\FREEPDB1\APPSDEMO\.git\objects\21\d89b282770ddc1526a5d9565506fb9f1b04009
Moved file: D:\users\ianbo\Documents\Business\Bond-and-Pollard\Admin\IT\source-repository\oracle-appsdemo\.git\objects\22\0743d2e6331a11fdc61adb092b820c4ec0f7a0 -> d:\demo\FREEPDB1\APPSDEMO\.git\objects\22\0743d2e6331a11fdc61adb092b820c4ec0f7a0
Moved file: D:\users\ianbo\Documents\Business\Bond-and-Pollard\Admin\IT\source-repository\oracle-appsdemo\.git\objects\23\8294fecdaa4f34605ed49a814b2f80bd921743 -> d:\demo\FREEPDB1\APPSDEMO\.git\objects\23\8294fecdaa4f34605ed49a814b2f80bd921743
Moved file: D:\users\ianbo\Documents\Business\Bond-and-Pollard\Admin\IT\source-repository\oracle-appsdemo\.git\objects\24\1be2dc61e3cea6d6e51416452cc0243d9c47b3 -> d:\demo\FREEPDB1\APPSDEMO\.git\objects\24\1be2dc61e3cea6d6e51416452cc0243d9c47b3
Moved file: D:\users\ianbo\Documents\Business\Bond-and-Pollard\Admin\IT\source-repository\oracle-appsdemo\.git\objects\24\297da678f24e5626e6691ca6d9e0e2d4ce3c0e -> d:\demo\FREEPDB1\APPSDEMO\.git\objects\24\297da678f24e5626e6691ca6d9e0e2d4ce3c0e
Moved file: D:\users\ianbo\Documents\Business\Bond-and-Pollard\Admin\IT\source-repository\oracle-appsdemo\.git\objects\24\8f7aaf434fe1eb0a4062c1b85e86c973ee045d -> d:\demo\FREEPDB1\APPSDEMO\.git\objects\24\8f7aaf434fe1eb0a4062c1b85e86c973ee045d
Moved file: D:\users\ianbo\Documents\Business\Bond-and-Pollard\Admin\IT\source-repository\oracle-appsdemo\.git\objects\24\9d3dc89d5c6ea35c7bd05496adc54dbf4c669b -> d:\demo\FREEPDB1\APPSDEMO\.git\objects\24\9d3dc89d5c6ea35c7bd05496adc54dbf4c669b
Moved file: D:\users\ianbo\Documents\Business\Bond-and-Pollard\Admin\IT\source-repository\oracle-appsdemo\.git\objects\25\4a64b0da235bae088af3dc3fad826a3dd7f9ea -> d:\demo\FREEPDB1\APPSDEMO\.git\objects\25\4a64b0da235bae088af3dc3fad826a3dd7f9ea
Moved file: D:\users\ianbo\Documents\Business\Bond-and-Pollard\Admin\IT\source-repository\oracle-appsdemo\.git\objects\26\5ec01d07f85d6f984ed7196102601d09ef82ae -> d:\demo\FREEPDB1\APPSDEMO\.git\objects\26\5ec01d07f85d6f984ed7196102601d09ef82ae
Moved file: D:\users\ianbo\Documents\Business\Bond-and-Pollard\Admin\IT\source-repository\oracle-appsdemo\.git\objects\26\80e65264243b7defc4dcaac1e74cef3b54c8f1 -> d:\demo\FREEPDB1\APPSDEMO\.git\objects\26\80e65264243b7defc4dcaac1e74cef3b54c8f1
Moved file: D:\users\ianbo\Documents\Business\Bond-and-Pollard\Admin\IT\source-repository\oracle-appsdemo\.git\objects\26\a08af4889466e26d6dd80db9fae32aeebc80f1 -> d:\demo\FREEPDB1\APPSDEMO\.git\objects\26\a08af4889466e26d6dd80db9fae32aeebc80f1
Moved file: D:\users\ianbo\Documents\Business\Bond-and-Pollard\Admin\IT\source-repository\oracle-appsdemo\.git\objects\26\acf8c2eee39d0b66ea244839779dda24379db3 -> d:\demo\FREEPDB1\APPSDEMO\.git\objects\26\acf8c2eee39d0b66ea244839779dda24379db3
Moved file: D:\users\ianbo\Documents\Business\Bond-and-Pollard\Admin\IT\source-repository\oracle-appsdemo\.git\objects\27\2b3155818686d39d591490aa9af5d888bfe05b -> d:\demo\FREEPDB1\APPSDEMO\.git\objects\27\2b3155818686d39d591490aa9af5d888bfe05b
Moved file: D:\users\ianbo\Documents\Business\Bond-and-Pollard\Admin\IT\source-repository\oracle-appsdemo\.git\objects\27\c592cfc5079a0205262ea9cd5cbb1474a21ec4 -> d:\demo\FREEPDB1\APPSDEMO\.git\objects\27\c592cfc5079a0205262ea9cd5cbb1474a21ec4
Moved file: D:\users\ianbo\Documents\Business\Bond-and-Pollard\Admin\IT\source-repository\oracle-appsdemo\.git\objects\28\0a527229e7399e2a47b9ff891e29dbfd2a5878 -> d:\demo\FREEPDB1\APPSDEMO\.git\objects\28\0a527229e7399e2a47b9ff891e29dbfd2a5878
Moved file: D:\users\ianbo\Documents\Business\Bond-and-Pollard\Admin\IT\source-repository\oracle-appsdemo\.git\objects\28\2324bd8177fa5f911071d7a884ff49a02c394d -> d:\demo\FREEPDB1\APPSDEMO\.git\objects\28\2324bd8177fa5f911071d7a884ff49a02c394d
Moved file: D:\users\ianbo\Documents\Business\Bond-and-Pollard\Admin\IT\source-repository\oracle-appsdemo\.git\objects\28\24494f8a6cf8ae72579502dc27ecf184abc036 -> d:\demo\FREEPDB1\APPSDEMO\.git\objects\28\24494f8a6cf8ae72579502dc27ecf184abc036
Moved file: D:\users\ianbo\Documents\Business\Bond-and-Pollard\Admin\IT\source-repository\oracle-appsdemo\.git\objects\28\2c7041afd19f288cf862316f9604929e5ebc4a -> d:\demo\FREEPDB1\APPSDEMO\.git\objects\28\2c7041afd19f288cf862316f9604929e5ebc4a
Moved file: D:\users\ianbo\Documents\Business\Bond-and-Pollard\Admin\IT\source-repository\oracle-appsdemo\.git\objects\29\3874eebac117d50f043538642f4edef464e69c -> d:\demo\FREEPDB1\APPSDEMO\.git\objects\29\3874eebac117d50f043538642f4edef464e69c
Moved file: D:\users\ianbo\Documents\Business\Bond-and-Pollard\Admin\IT\source-repository\oracle-appsdemo\.git\objects\29\e57b82f406a816c83f17a90106e0c5220665c0 -> d:\demo\FREEPDB1\APPSDEMO\.git\objects\29\e57b82f406a816c83f17a90106e0c5220665c0
Moved file: D:\users\ianbo\Documents\Business\Bond-and-Pollard\Admin\IT\source-repository\oracle-appsdemo\.git\objects\2a\682d20ceff29c5d9dd67480c45e2719ae7b3be -> d:\demo\FREEPDB1\APPSDEMO\.git\objects\2a\682d20ceff29c5d9dd67480c45e2719ae7b3be
Moved file: D:\users\ianbo\Documents\Business\Bond-and-Pollard\Admin\IT\source-repository\oracle-appsdemo\.git\objects\2a\86fe19379ed75da290a04b59555f36e9514431 -> d:\demo\FREEPDB1\APPSDEMO\.git\objects\2a\86fe19379ed75da290a04b59555f36e9514431
Moved file: D:\users\ianbo\Documents\Business\Bond-and-Pollard\Admin\IT\source-repository\oracle-appsdemo\.git\objects\2a\a4e6d2cddf76f005c603e8238d62f6a0b8deb9 -> d:\demo\FREEPDB1\APPSDEMO\.git\objects\2a\a4e6d2cddf76f005c603e8238d62f6a0b8deb9
Moved file: D:\users\ianbo\Documents\Business\Bond-and-Pollard\Admin\IT\source-repository\oracle-appsdemo\.git\objects\2b\05ed918d25d72cbe8b3d50c6ec6cf03b2d5c1d -> d:\demo\FREEPDB1\APPSDEMO\.git\objects\2b\05ed918d25d72cbe8b3d50c6ec6cf03b2d5c1d
Moved file: D:\users\ianbo\Documents\Business\Bond-and-Pollard\Admin\IT\source-repository\oracle-appsdemo\.git\objects\2b\c9f1804e525a1971254b78e3c2c09d29725c3b -> d:\demo\FREEPDB1\APPSDEMO\.git\objects\2b\c9f1804e525a1971254b78e3c2c09d29725c3b
Moved file: D:\users\ianbo\Documents\Business\Bond-and-Pollard\Admin\IT\source-repository\oracle-appsdemo\.git\objects\2b\dc830254acb08f4f64268c1b8f06df8d8d38f1 -> d:\demo\FREEPDB1\APPSDEMO\.git\objects\2b\dc830254acb08f4f64268c1b8f06df8d8d38f1
Moved file: D:\users\ianbo\Documents\Business\Bond-and-Pollard\Admin\IT\source-repository\oracle-appsdemo\.git\objects\2d\52a100adc4f43cb9272b86f1ce74806c6d316f -> d:\demo\FREEPDB1\APPSDEMO\.git\objects\2d\52a100adc4f43cb9272b86f1ce74806c6d316f
Moved file: D:\users\ianbo\Documents\Business\Bond-and-Pollard\Admin\IT\source-repository\oracle-appsdemo\.git\objects\2d\6fed8f99e65474d4260a5b478e3391834df01a -> d:\demo\FREEPDB1\APPSDEMO\.git\objects\2d\6fed8f99e65474d4260a5b478e3391834df01a
Moved file: D:\users\ianbo\Documents\Business\Bond-and-Pollard\Admin\IT\source-repository\oracle-appsdemo\.git\objects\2d\a0711d27c70d80494018846b1fcb48a2a50875 -> d:\demo\FREEPDB1\APPSDEMO\.git\objects\2d\a0711d27c70d80494018846b1fcb48a2a50875
Moved file: D:\users\ianbo\Documents\Business\Bond-and-Pollard\Admin\IT\source-repository\oracle-appsdemo\.git\objects\2e\450ba06ce4e543edb7f82c28573bd09d0fef13 -> d:\demo\FREEPDB1\APPSDEMO\.git\objects\2e\450ba06ce4e543edb7f82c28573bd09d0fef13
Moved file: D:\users\ianbo\Documents\Business\Bond-and-Pollard\Admin\IT\source-repository\oracle-appsdemo\.git\objects\2e\ddb92b1b2096e2cfc6fa6c5e3889a53463567b -> d:\demo\FREEPDB1\APPSDEMO\.git\objects\2e\ddb92b1b2096e2cfc6fa6c5e3889a53463567b
Moved file: D:\users\ianbo\Documents\Business\Bond-and-Pollard\Admin\IT\source-repository\oracle-appsdemo\.git\objects\2f\92fc6e5557782cfffd75de70da0fdeeada8f5d -> d:\demo\FREEPDB1\APPSDEMO\.git\objects\2f\92fc6e5557782cfffd75de70da0fdeeada8f5d
Moved file: D:\users\ianbo\Documents\Business\Bond-and-Pollard\Admin\IT\source-repository\oracle-appsdemo\.git\objects\2f\c56b80f09f4874fbe3377444e68d7ad1cb3f76 -> d:\demo\FREEPDB1\APPSDEMO\.git\objects\2f\c56b80f09f4874fbe3377444e68d7ad1cb3f76
Moved file: D:\users\ianbo\Documents\Business\Bond-and-Pollard\Admin\IT\source-repository\oracle-appsdemo\.git\objects\2f\cc15952428661bddb9c3441038af6771b731d6 -> d:\demo\FREEPDB1\APPSDEMO\.git\objects\2f\cc15952428661bddb9c3441038af6771b731d6
Moved file: D:\users\ianbo\Documents\Business\Bond-and-Pollard\Admin\IT\source-repository\oracle-appsdemo\.git\objects\30\1c6358edf1c030d33c0a6e1370ea3aee405f74 -> d:\demo\FREEPDB1\APPSDEMO\.git\objects\30\1c6358edf1c030d33c0a6e1370ea3aee405f74
Moved file: D:\users\ianbo\Documents\Business\Bond-and-Pollard\Admin\IT\source-repository\oracle-appsdemo\.git\objects\30\a6a526872b609d43baec30fce9236f0020498e -> d:\demo\FREEPDB1\APPSDEMO\.git\objects\30\a6a526872b609d43baec30fce9236f0020498e
Moved file: D:\users\ianbo\Documents\Business\Bond-and-Pollard\Admin\IT\source-repository\oracle-appsdemo\.git\objects\30\f36ea277ad4b603d482440e129cc26508e51f5 -> d:\demo\FREEPDB1\APPSDEMO\.git\objects\30\f36ea277ad4b603d482440e129cc26508e51f5
Moved file: D:\users\ianbo\Documents\Business\Bond-and-Pollard\Admin\IT\source-repository\oracle-appsdemo\.git\objects\31\5a5461ac8f920f00b59721dff25767d567d7e8 -> d:\demo\FREEPDB1\APPSDEMO\.git\objects\31\5a5461ac8f920f00b59721dff25767d567d7e8
Moved file: D:\users\ianbo\Documents\Business\Bond-and-Pollard\Admin\IT\source-repository\oracle-appsdemo\.git\objects\31\9f257388eb1b85edebcebceed5e00188bcaa36 -> d:\demo\FREEPDB1\APPSDEMO\.git\objects\31\9f257388eb1b85edebcebceed5e00188bcaa36
Moved file: D:\users\ianbo\Documents\Business\Bond-and-Pollard\Admin\IT\source-repository\oracle-appsdemo\.git\objects\31\cc80d5bd23752268b75e25cff0f00ef313e353 -> d:\demo\FREEPDB1\APPSDEMO\.git\objects\31\cc80d5bd23752268b75e25cff0f00ef313e353
Moved file: D:\users\ianbo\Documents\Business\Bond-and-Pollard\Admin\IT\source-repository\oracle-appsdemo\.git\objects\31\cd46b070ab671a465eb4402c7522cadd5f1178 -> d:\demo\FREEPDB1\APPSDEMO\.git\objects\31\cd46b070ab671a465eb4402c7522cadd5f1178
Moved file: D:\users\ianbo\Documents\Business\Bond-and-Pollard\Admin\IT\source-repository\oracle-appsdemo\.git\objects\31\ddca29c9cb4f32bec5cfbfa2df4a23e1a0afd5 -> d:\demo\FREEPDB1\APPSDEMO\.git\objects\31\ddca29c9cb4f32bec5cfbfa2df4a23e1a0afd5
Moved file: D:\users\ianbo\Documents\Business\Bond-and-Pollard\Admin\IT\source-repository\oracle-appsdemo\.git\objects\32\396a3aaa678748fd37e7ff164446add1079a35 -> d:\demo\FREEPDB1\APPSDEMO\.git\objects\32\396a3aaa678748fd37e7ff164446add1079a35
Moved file: D:\users\ianbo\Documents\Business\Bond-and-Pollard\Admin\IT\source-repository\oracle-appsdemo\.git\objects\33\007a801f2e8af6dbb2ac5d7d845bb2f5e106b5 -> d:\demo\FREEPDB1\APPSDEMO\.git\objects\33\007a801f2e8af6dbb2ac5d7d845bb2f5e106b5
Moved file: D:\users\ianbo\Documents\Business\Bond-and-Pollard\Admin\IT\source-repository\oracle-appsdemo\.git\objects\33\3071a6ae944308b21db4349235616bb04941cc -> d:\demo\FREEPDB1\APPSDEMO\.git\objects\33\3071a6ae944308b21db4349235616bb04941cc
Moved file: D:\users\ianbo\Documents\Business\Bond-and-Pollard\Admin\IT\source-repository\oracle-appsdemo\.git\objects\33\51c811b9fa28505b6c9ab51287038d416f9be9 -> d:\demo\FREEPDB1\APPSDEMO\.git\objects\33\51c811b9fa28505b6c9ab51287038d416f9be9
Moved file: D:\users\ianbo\Documents\Business\Bond-and-Pollard\Admin\IT\source-repository\oracle-appsdemo\.git\objects\33\72ad4f8d5fe2b7c263074e0b8c6e110b591de7 -> d:\demo\FREEPDB1\APPSDEMO\.git\objects\33\72ad4f8d5fe2b7c263074e0b8c6e110b591de7
Moved file: D:\users\ianbo\Documents\Business\Bond-and-Pollard\Admin\IT\source-repository\oracle-appsdemo\.git\objects\33\7e1e38c060b7e27e36c7feab1623a54d471a3f -> d:\demo\FREEPDB1\APPSDEMO\.git\objects\33\7e1e38c060b7e27e36c7feab1623a54d471a3f
Moved file: D:\users\ianbo\Documents\Business\Bond-and-Pollard\Admin\IT\source-repository\oracle-appsdemo\.git\objects\34\1aa50232613fcf38fb017122ef645db05477e4 -> d:\demo\FREEPDB1\APPSDEMO\.git\objects\34\1aa50232613fcf38fb017122ef645db05477e4
Moved file: D:\users\ianbo\Documents\Business\Bond-and-Pollard\Admin\IT\source-repository\oracle-appsdemo\.git\objects\34\204eb0bf1fc6bfa5a8ff8411375875e6a07d8c -> d:\demo\FREEPDB1\APPSDEMO\.git\objects\34\204eb0bf1fc6bfa5a8ff8411375875e6a07d8c
Moved file: D:\users\ianbo\Documents\Business\Bond-and-Pollard\Admin\IT\source-repository\oracle-appsdemo\.git\objects\34\4283bbad09f258617249834884b991641148d4 -> d:\demo\FREEPDB1\APPSDEMO\.git\objects\34\4283bbad09f258617249834884b991641148d4
Moved file: D:\users\ianbo\Documents\Business\Bond-and-Pollard\Admin\IT\source-repository\oracle-appsdemo\.git\objects\34\6edc702d1ade81b50328d11f4da095e9495e58 -> d:\demo\FREEPDB1\APPSDEMO\.git\objects\34\6edc702d1ade81b50328d11f4da095e9495e58
Moved file: D:\users\ianbo\Documents\Business\Bond-and-Pollard\Admin\IT\source-repository\oracle-appsdemo\.git\objects\34\f7f424e28df8c6ea9c14ca695b25a2cf5e0812 -> d:\demo\FREEPDB1\APPSDEMO\.git\objects\34\f7f424e28df8c6ea9c14ca695b25a2cf5e0812
Moved file: D:\users\ianbo\Documents\Business\Bond-and-Pollard\Admin\IT\source-repository\oracle-appsdemo\.git\objects\35\5d495b13f31fb9555d8c8ac0d8eb0897bc7637 -> d:\demo\FREEPDB1\APPSDEMO\.git\objects\35\5d495b13f31fb9555d8c8ac0d8eb0897bc7637
Moved file: D:\users\ianbo\Documents\Business\Bond-and-Pollard\Admin\IT\source-repository\oracle-appsdemo\.git\objects\35\eca04e08660702d2f1d97ad06947c5d6c8210a -> d:\demo\FREEPDB1\APPSDEMO\.git\objects\35\eca04e08660702d2f1d97ad06947c5d6c8210a
Moved file: D:\users\ianbo\Documents\Business\Bond-and-Pollard\Admin\IT\source-repository\oracle-appsdemo\.git\objects\36\5e622f39d75b8e31ea9465f6597d9eac6aef41 -> d:\demo\FREEPDB1\APPSDEMO\.git\objects\36\5e622f39d75b8e31ea9465f6597d9eac6aef41
Moved file: D:\users\ianbo\Documents\Business\Bond-and-Pollard\Admin\IT\source-repository\oracle-appsdemo\.git\objects\36\b4c2c9c422c076839b454f37db39f2c85cf6e8 -> d:\demo\FREEPDB1\APPSDEMO\.git\objects\36\b4c2c9c422c076839b454f37db39f2c85cf6e8
Moved file: D:\users\ianbo\Documents\Business\Bond-and-Pollard\Admin\IT\source-repository\oracle-appsdemo\.git\objects\36\c3bd52c0808dee698f1806435e338593ea7332 -> d:\demo\FREEPDB1\APPSDEMO\.git\objects\36\c3bd52c0808dee698f1806435e338593ea7332
Moved file: D:\users\ianbo\Documents\Business\Bond-and-Pollard\Admin\IT\source-repository\oracle-appsdemo\.git\objects\36\cc083523f3dedfeafc360b152a6d5b6b0b27cf -> d:\demo\FREEPDB1\APPSDEMO\.git\objects\36\cc083523f3dedfeafc360b152a6d5b6b0b27cf
Moved file: D:\users\ianbo\Documents\Business\Bond-and-Pollard\Admin\IT\source-repository\oracle-appsdemo\.git\objects\36\e23f9d0a7366816e23dbcc91bb6df75b5f88ba -> d:\demo\FREEPDB1\APPSDEMO\.git\objects\36\e23f9d0a7366816e23dbcc91bb6df75b5f88ba
Moved file: D:\users\ianbo\Documents\Business\Bond-and-Pollard\Admin\IT\source-repository\oracle-appsdemo\.git\objects\38\4cdb61455f9fe868e67705e325c43eb536cb27 -> d:\demo\FREEPDB1\APPSDEMO\.git\objects\38\4cdb61455f9fe868e67705e325c43eb536cb27
Moved file: D:\users\ianbo\Documents\Business\Bond-and-Pollard\Admin\IT\source-repository\oracle-appsdemo\.git\objects\38\56f4909a1621f671443df7ee48a8815676aae2 -> d:\demo\FREEPDB1\APPSDEMO\.git\objects\38\56f4909a1621f671443df7ee48a8815676aae2
Moved file: D:\users\ianbo\Documents\Business\Bond-and-Pollard\Admin\IT\source-repository\oracle-appsdemo\.git\objects\38\5deccd55b3fb77d1072073695bb1530cd23328 -> d:\demo\FREEPDB1\APPSDEMO\.git\objects\38\5deccd55b3fb77d1072073695bb1530cd23328
Moved file: D:\users\ianbo\Documents\Business\Bond-and-Pollard\Admin\IT\source-repository\oracle-appsdemo\.git\objects\38\a32681147d69212598e8460ad0c564f9cae6c9 -> d:\demo\FREEPDB1\APPSDEMO\.git\objects\38\a32681147d69212598e8460ad0c564f9cae6c9
Moved file: D:\users\ianbo\Documents\Business\Bond-and-Pollard\Admin\IT\source-repository\oracle-appsdemo\.git\objects\38\acd2b26379b18b8becb72e477606d8a4014528 -> d:\demo\FREEPDB1\APPSDEMO\.git\objects\38\acd2b26379b18b8becb72e477606d8a4014528
Moved file: D:\users\ianbo\Documents\Business\Bond-and-Pollard\Admin\IT\source-repository\oracle-appsdemo\.git\objects\38\b90c16fa976ae9dabd6277f323ec0fd305a09d -> d:\demo\FREEPDB1\APPSDEMO\.git\objects\38\b90c16fa976ae9dabd6277f323ec0fd305a09d
Moved file: D:\users\ianbo\Documents\Business\Bond-and-Pollard\Admin\IT\source-repository\oracle-appsdemo\.git\objects\38\c1e1517041d587c988aad531b453753c14c549 -> d:\demo\FREEPDB1\APPSDEMO\.git\objects\38\c1e1517041d587c988aad531b453753c14c549
Moved file: D:\users\ianbo\Documents\Business\Bond-and-Pollard\Admin\IT\source-repository\oracle-appsdemo\.git\objects\38\fa14969de3a236e05111138fea2ee06400654f -> d:\demo\FREEPDB1\APPSDEMO\.git\objects\38\fa14969de3a236e05111138fea2ee06400654f
Moved file: D:\users\ianbo\Documents\Business\Bond-and-Pollard\Admin\IT\source-repository\oracle-appsdemo\.git\objects\39\04eda8cfc6253864467c1ac5a5a1b0774be9c7 -> d:\demo\FREEPDB1\APPSDEMO\.git\objects\39\04eda8cfc6253864467c1ac5a5a1b0774be9c7
Moved file: D:\users\ianbo\Documents\Business\Bond-and-Pollard\Admin\IT\source-repository\oracle-appsdemo\.git\objects\39\5cf50cc36648253d5acdd8d3a12835082a51b1 -> d:\demo\FREEPDB1\APPSDEMO\.git\objects\39\5cf50cc36648253d5acdd8d3a12835082a51b1
Moved file: D:\users\ianbo\Documents\Business\Bond-and-Pollard\Admin\IT\source-repository\oracle-appsdemo\.git\objects\3a\2251260ede7e81b0c2407226fc159cc9b2279b -> d:\demo\FREEPDB1\APPSDEMO\.git\objects\3a\2251260ede7e81b0c2407226fc159cc9b2279b
Moved file: D:\users\ianbo\Documents\Business\Bond-and-Pollard\Admin\IT\source-repository\oracle-appsdemo\.git\objects\3a\96f6c5f8686b3ac7547655631d77ec593dcf05 -> d:\demo\FREEPDB1\APPSDEMO\.git\objects\3a\96f6c5f8686b3ac7547655631d77ec593dcf05
Moved file: D:\users\ianbo\Documents\Business\Bond-and-Pollard\Admin\IT\source-repository\oracle-appsdemo\.git\objects\3a\fdfa3ba8a756984ae9677760ad198fd47455a3 -> d:\demo\FREEPDB1\APPSDEMO\.git\objects\3a\fdfa3ba8a756984ae9677760ad198fd47455a3
Moved file: D:\users\ianbo\Documents\Business\Bond-and-Pollard\Admin\IT\source-repository\oracle-appsdemo\.git\objects\3b\358171eb5cd0d9a7364566dc8c8a94617f62ff -> d:\demo\FREEPDB1\APPSDEMO\.git\objects\3b\358171eb5cd0d9a7364566dc8c8a94617f62ff
Moved file: D:\users\ianbo\Documents\Business\Bond-and-Pollard\Admin\IT\source-repository\oracle-appsdemo\.git\objects\3b\7d730dac4c317e602a8a473d227d449c0bbe49 -> d:\demo\FREEPDB1\APPSDEMO\.git\objects\3b\7d730dac4c317e602a8a473d227d449c0bbe49
Moved file: D:\users\ianbo\Documents\Business\Bond-and-Pollard\Admin\IT\source-repository\oracle-appsdemo\.git\objects\3b\a326e2298d567de8cd79c8ee880f58ea5dded1 -> d:\demo\FREEPDB1\APPSDEMO\.git\objects\3b\a326e2298d567de8cd79c8ee880f58ea5dded1
Moved file: D:\users\ianbo\Documents\Business\Bond-and-Pollard\Admin\IT\source-repository\oracle-appsdemo\.git\objects\3c\7678887bf99a18a2512332382f85a121a94169 -> d:\demo\FREEPDB1\APPSDEMO\.git\objects\3c\7678887bf99a18a2512332382f85a121a94169
Moved file: D:\users\ianbo\Documents\Business\Bond-and-Pollard\Admin\IT\source-repository\oracle-appsdemo\.git\objects\3c\b0094c3dc6adde5334c08094b4bc7a8b43192d -> d:\demo\FREEPDB1\APPSDEMO\.git\objects\3c\b0094c3dc6adde5334c08094b4bc7a8b43192d
Moved file: D:\users\ianbo\Documents\Business\Bond-and-Pollard\Admin\IT\source-repository\oracle-appsdemo\.git\objects\3d\817460157f5fcd53ebcb5e412489d3e98b2df6 -> d:\demo\FREEPDB1\APPSDEMO\.git\objects\3d\817460157f5fcd53ebcb5e412489d3e98b2df6
Moved file: D:\users\ianbo\Documents\Business\Bond-and-Pollard\Admin\IT\source-repository\oracle-appsdemo\.git\objects\3e\8c86d32a2455a396438122f7515fa657d7d0a0 -> d:\demo\FREEPDB1\APPSDEMO\.git\objects\3e\8c86d32a2455a396438122f7515fa657d7d0a0
Moved file: D:\users\ianbo\Documents\Business\Bond-and-Pollard\Admin\IT\source-repository\oracle-appsdemo\.git\objects\3f\4edc1ecfc6e62f408325ce5eb02ab7ba578585 -> d:\demo\FREEPDB1\APPSDEMO\.git\objects\3f\4edc1ecfc6e62f408325ce5eb02ab7ba578585
Moved file: D:\users\ianbo\Documents\Business\Bond-and-Pollard\Admin\IT\source-repository\oracle-appsdemo\.git\objects\3f\62aaa66c1d7eb2cc9224d2c8210baf095239b3 -> d:\demo\FREEPDB1\APPSDEMO\.git\objects\3f\62aaa66c1d7eb2cc9224d2c8210baf095239b3
Moved file: D:\users\ianbo\Documents\Business\Bond-and-Pollard\Admin\IT\source-repository\oracle-appsdemo\.git\objects\3f\93372474dd62035a8c625c659e7d0891645a5f -> d:\demo\FREEPDB1\APPSDEMO\.git\objects\3f\93372474dd62035a8c625c659e7d0891645a5f
Moved file: D:\users\ianbo\Documents\Business\Bond-and-Pollard\Admin\IT\source-repository\oracle-appsdemo\.git\objects\41\10cbef8e9203205a6d465563913dd415fae7ce -> d:\demo\FREEPDB1\APPSDEMO\.git\objects\41\10cbef8e9203205a6d465563913dd415fae7ce
Moved file: D:\users\ianbo\Documents\Business\Bond-and-Pollard\Admin\IT\source-repository\oracle-appsdemo\.git\objects\41\1ffbd8d2e127d0d8420f388cdb45c4937e1516 -> d:\demo\FREEPDB1\APPSDEMO\.git\objects\41\1ffbd8d2e127d0d8420f388cdb45c4937e1516
Moved file: D:\users\ianbo\Documents\Business\Bond-and-Pollard\Admin\IT\source-repository\oracle-appsdemo\.git\objects\41\dba2071dc4a354f1291236c62ddb9261bd7d78 -> d:\demo\FREEPDB1\APPSDEMO\.git\objects\41\dba2071dc4a354f1291236c62ddb9261bd7d78
Moved file: D:\users\ianbo\Documents\Business\Bond-and-Pollard\Admin\IT\source-repository\oracle-appsdemo\.git\objects\41\f4a21a0d88e267826fd091c5947e6bee14685a -> d:\demo\FREEPDB1\APPSDEMO\.git\objects\41\f4a21a0d88e267826fd091c5947e6bee14685a
Moved file: D:\users\ianbo\Documents\Business\Bond-and-Pollard\Admin\IT\source-repository\oracle-appsdemo\.git\objects\42\945e86e4cafa15b55d57dc300db6a41d2e951e -> d:\demo\FREEPDB1\APPSDEMO\.git\objects\42\945e86e4cafa15b55d57dc300db6a41d2e951e
Moved file: D:\users\ianbo\Documents\Business\Bond-and-Pollard\Admin\IT\source-repository\oracle-appsdemo\.git\objects\42\c1454bdf4f130708392a6a6cf0d0c269927961 -> d:\demo\FREEPDB1\APPSDEMO\.git\objects\42\c1454bdf4f130708392a6a6cf0d0c269927961
Moved file: D:\users\ianbo\Documents\Business\Bond-and-Pollard\Admin\IT\source-repository\oracle-appsdemo\.git\objects\43\3d2f8f6ed782a1d9ee3dcb83cdab229a75b1b9 -> d:\demo\FREEPDB1\APPSDEMO\.git\objects\43\3d2f8f6ed782a1d9ee3dcb83cdab229a75b1b9
Moved file: D:\users\ianbo\Documents\Business\Bond-and-Pollard\Admin\IT\source-repository\oracle-appsdemo\.git\objects\43\3d3286c4245659e033c2e77ca55222981e2d20 -> d:\demo\FREEPDB1\APPSDEMO\.git\objects\43\3d3286c4245659e033c2e77ca55222981e2d20
Moved file: D:\users\ianbo\Documents\Business\Bond-and-Pollard\Admin\IT\source-repository\oracle-appsdemo\.git\objects\43\3ea9d1becd054f6d4376b8afd7bb8b1c31c571 -> d:\demo\FREEPDB1\APPSDEMO\.git\objects\43\3ea9d1becd054f6d4376b8afd7bb8b1c31c571
Moved file: D:\users\ianbo\Documents\Business\Bond-and-Pollard\Admin\IT\source-repository\oracle-appsdemo\.git\objects\43\5b56b401caf3684d7939ab8e7f1dd00cf125ff -> d:\demo\FREEPDB1\APPSDEMO\.git\objects\43\5b56b401caf3684d7939ab8e7f1dd00cf125ff
Moved file: D:\users\ianbo\Documents\Business\Bond-and-Pollard\Admin\IT\source-repository\oracle-appsdemo\.git\objects\44\270b6bf6a7316793d3880aa4119ab1ac45354d -> d:\demo\FREEPDB1\APPSDEMO\.git\objects\44\270b6bf6a7316793d3880aa4119ab1ac45354d
Moved file: D:\users\ianbo\Documents\Business\Bond-and-Pollard\Admin\IT\source-repository\oracle-appsdemo\.git\objects\44\281e658b1f7af8dce61696d2bd980e4350d2d1 -> d:\demo\FREEPDB1\APPSDEMO\.git\objects\44\281e658b1f7af8dce61696d2bd980e4350d2d1
Moved file: D:\users\ianbo\Documents\Business\Bond-and-Pollard\Admin\IT\source-repository\oracle-appsdemo\.git\objects\44\3b85f8c696433c770bdb07ac990b5308b673df -> d:\demo\FREEPDB1\APPSDEMO\.git\objects\44\3b85f8c696433c770bdb07ac990b5308b673df
Moved file: D:\users\ianbo\Documents\Business\Bond-and-Pollard\Admin\IT\source-repository\oracle-appsdemo\.git\objects\44\4e93f45c65e1384df856b1f67b87129f236880 -> d:\demo\FREEPDB1\APPSDEMO\.git\objects\44\4e93f45c65e1384df856b1f67b87129f236880
Moved file: D:\users\ianbo\Documents\Business\Bond-and-Pollard\Admin\IT\source-repository\oracle-appsdemo\.git\objects\44\623dbde77bf1c454953f99ad6bd0e7ecee979e -> d:\demo\FREEPDB1\APPSDEMO\.git\objects\44\623dbde77bf1c454953f99ad6bd0e7ecee979e
Moved file: D:\users\ianbo\Documents\Business\Bond-and-Pollard\Admin\IT\source-repository\oracle-appsdemo\.git\objects\44\82d27dc20de6e2b0f328b372a9efdcaf603b06 -> d:\demo\FREEPDB1\APPSDEMO\.git\objects\44\82d27dc20de6e2b0f328b372a9efdcaf603b06
Moved file: D:\users\ianbo\Documents\Business\Bond-and-Pollard\Admin\IT\source-repository\oracle-appsdemo\.git\objects\44\8502f6e763d57b8c7ae89247e465d320e642db -> d:\demo\FREEPDB1\APPSDEMO\.git\objects\44\8502f6e763d57b8c7ae89247e465d320e642db
Moved file: D:\users\ianbo\Documents\Business\Bond-and-Pollard\Admin\IT\source-repository\oracle-appsdemo\.git\objects\44\893164e09b18b462d6d75d05736e17037e5912 -> d:\demo\FREEPDB1\APPSDEMO\.git\objects\44\893164e09b18b462d6d75d05736e17037e5912
Moved file: D:\users\ianbo\Documents\Business\Bond-and-Pollard\Admin\IT\source-repository\oracle-appsdemo\.git\objects\44\98a5b6e6747617fcddfe6aa213159c6e7bb364 -> d:\demo\FREEPDB1\APPSDEMO\.git\objects\44\98a5b6e6747617fcddfe6aa213159c6e7bb364
Moved file: D:\users\ianbo\Documents\Business\Bond-and-Pollard\Admin\IT\source-repository\oracle-appsdemo\.git\objects\44\b0f50336f11256e5fd669ddba331ce231bd9e0 -> d:\demo\FREEPDB1\APPSDEMO\.git\objects\44\b0f50336f11256e5fd669ddba331ce231bd9e0
Moved file: D:\users\ianbo\Documents\Business\Bond-and-Pollard\Admin\IT\source-repository\oracle-appsdemo\.git\objects\44\e6348f0b20d79560280df0f8b2df6281bb36e3 -> d:\demo\FREEPDB1\APPSDEMO\.git\objects\44\e6348f0b20d79560280df0f8b2df6281bb36e3
Moved file: D:\users\ianbo\Documents\Business\Bond-and-Pollard\Admin\IT\source-repository\oracle-appsdemo\.git\objects\44\ea8c51681c540a3d2f0e9d51383f8c4868d36d -> d:\demo\FREEPDB1\APPSDEMO\.git\objects\44\ea8c51681c540a3d2f0e9d51383f8c4868d36d
Moved file: D:\users\ianbo\Documents\Business\Bond-and-Pollard\Admin\IT\source-repository\oracle-appsdemo\.git\objects\44\f39849bef11b1b796719c504a4adb5423e03ac -> d:\demo\FREEPDB1\APPSDEMO\.git\objects\44\f39849bef11b1b796719c504a4adb5423e03ac
Moved file: D:\users\ianbo\Documents\Business\Bond-and-Pollard\Admin\IT\source-repository\oracle-appsdemo\.git\objects\45\637b47622b451be8b5c47c13820001f42c65ef -> d:\demo\FREEPDB1\APPSDEMO\.git\objects\45\637b47622b451be8b5c47c13820001f42c65ef
Moved file: D:\users\ianbo\Documents\Business\Bond-and-Pollard\Admin\IT\source-repository\oracle-appsdemo\.git\objects\45\66ccc1d731a83f48cfd1cc17fd0e8d1d0bc564 -> d:\demo\FREEPDB1\APPSDEMO\.git\objects\45\66ccc1d731a83f48cfd1cc17fd0e8d1d0bc564
Moved file: D:\users\ianbo\Documents\Business\Bond-and-Pollard\Admin\IT\source-repository\oracle-appsdemo\.git\objects\45\9753e041475ed80bec639387c2278347ed59e1 -> d:\demo\FREEPDB1\APPSDEMO\.git\objects\45\9753e041475ed80bec639387c2278347ed59e1
Moved file: D:\users\ianbo\Documents\Business\Bond-and-Pollard\Admin\IT\source-repository\oracle-appsdemo\.git\objects\45\a6c9a0a996f4bede57cc2b28b02240c6b2d7fd -> d:\demo\FREEPDB1\APPSDEMO\.git\objects\45\a6c9a0a996f4bede57cc2b28b02240c6b2d7fd
Moved file: D:\users\ianbo\Documents\Business\Bond-and-Pollard\Admin\IT\source-repository\oracle-appsdemo\.git\objects\45\ec3c69a1b9c13e5963e00c9c4ba25f65940e6c -> d:\demo\FREEPDB1\APPSDEMO\.git\objects\45\ec3c69a1b9c13e5963e00c9c4ba25f65940e6c
Moved file: D:\users\ianbo\Documents\Business\Bond-and-Pollard\Admin\IT\source-repository\oracle-appsdemo\.git\objects\45\f24c09392bd24f23092c663f39465d02004770 -> d:\demo\FREEPDB1\APPSDEMO\.git\objects\45\f24c09392bd24f23092c663f39465d02004770
Moved file: D:\users\ianbo\Documents\Business\Bond-and-Pollard\Admin\IT\source-repository\oracle-appsdemo\.git\objects\46\0b877d229a76c6a45bb2894106ec06ac9836dc -> d:\demo\FREEPDB1\APPSDEMO\.git\objects\46\0b877d229a76c6a45bb2894106ec06ac9836dc
Moved file: D:\users\ianbo\Documents\Business\Bond-and-Pollard\Admin\IT\source-repository\oracle-appsdemo\.git\objects\46\0c23ad84fa7d9b9c98f1f891c6d8e3a9f7db97 -> d:\demo\FREEPDB1\APPSDEMO\.git\objects\46\0c23ad84fa7d9b9c98f1f891c6d8e3a9f7db97
Moved file: D:\users\ianbo\Documents\Business\Bond-and-Pollard\Admin\IT\source-repository\oracle-appsdemo\.git\objects\46\2efd391972e69554b16de5c6c89548d0ec59e3 -> d:\demo\FREEPDB1\APPSDEMO\.git\objects\46\2efd391972e69554b16de5c6c89548d0ec59e3
Moved file: D:\users\ianbo\Documents\Business\Bond-and-Pollard\Admin\IT\source-repository\oracle-appsdemo\.git\objects\46\903957a1977e78b364a68e1b599c45b65b35cf -> d:\demo\FREEPDB1\APPSDEMO\.git\objects\46\903957a1977e78b364a68e1b599c45b65b35cf
Moved file: D:\users\ianbo\Documents\Business\Bond-and-Pollard\Admin\IT\source-repository\oracle-appsdemo\.git\objects\46\b86e727e3414e9bc8ab27b449b8b7adf0e5f40 -> d:\demo\FREEPDB1\APPSDEMO\.git\objects\46\b86e727e3414e9bc8ab27b449b8b7adf0e5f40
Moved file: D:\users\ianbo\Documents\Business\Bond-and-Pollard\Admin\IT\source-repository\oracle-appsdemo\.git\objects\47\d3bdc2c67ba56c21eaffcbacfeab1c9b39da7d -> d:\demo\FREEPDB1\APPSDEMO\.git\objects\47\d3bdc2c67ba56c21eaffcbacfeab1c9b39da7d
Moved file: D:\users\ianbo\Documents\Business\Bond-and-Pollard\Admin\IT\source-repository\oracle-appsdemo\.git\objects\48\22b9f255e002daf2a6b9168b5cb0f09f1a021b -> d:\demo\FREEPDB1\APPSDEMO\.git\objects\48\22b9f255e002daf2a6b9168b5cb0f09f1a021b
Moved file: D:\users\ianbo\Documents\Business\Bond-and-Pollard\Admin\IT\source-repository\oracle-appsdemo\.git\objects\48\6d8f925aa995a4a6cd6fec0ec11db15de0f22f -> d:\demo\FREEPDB1\APPSDEMO\.git\objects\48\6d8f925aa995a4a6cd6fec0ec11db15de0f22f
Moved file: D:\users\ianbo\Documents\Business\Bond-and-Pollard\Admin\IT\source-repository\oracle-appsdemo\.git\objects\48\962ae2c7895494c5febcc8524190376c0481ce -> d:\demo\FREEPDB1\APPSDEMO\.git\objects\48\962ae2c7895494c5febcc8524190376c0481ce
Moved file: D:\users\ianbo\Documents\Business\Bond-and-Pollard\Admin\IT\source-repository\oracle-appsdemo\.git\objects\49\21b6f2103d219cc10d7dd1982c0724702875ec -> d:\demo\FREEPDB1\APPSDEMO\.git\objects\49\21b6f2103d219cc10d7dd1982c0724702875ec
Moved file: D:\users\ianbo\Documents\Business\Bond-and-Pollard\Admin\IT\source-repository\oracle-appsdemo\.git\objects\49\3daf897de70f3e3f29d9a9f23057bd47845506 -> d:\demo\FREEPDB1\APPSDEMO\.git\objects\49\3daf897de70f3e3f29d9a9f23057bd47845506
Moved file: D:\users\ianbo\Documents\Business\Bond-and-Pollard\Admin\IT\source-repository\oracle-appsdemo\.git\objects\49\55db710868e9535468fc8245a38e14b79edb52 -> d:\demo\FREEPDB1\APPSDEMO\.git\objects\49\55db710868e9535468fc8245a38e14b79edb52
Moved file: D:\users\ianbo\Documents\Business\Bond-and-Pollard\Admin\IT\source-repository\oracle-appsdemo\.git\objects\4a\987acf8ae5f916e99620f9281f2339554e08df -> d:\demo\FREEPDB1\APPSDEMO\.git\objects\4a\987acf8ae5f916e99620f9281f2339554e08df
Moved file: D:\users\ianbo\Documents\Business\Bond-and-Pollard\Admin\IT\source-repository\oracle-appsdemo\.git\objects\4a\f3a744faafb5618fd20bee8cdc75eb4575ef9a -> d:\demo\FREEPDB1\APPSDEMO\.git\objects\4a\f3a744faafb5618fd20bee8cdc75eb4575ef9a
Moved file: D:\users\ianbo\Documents\Business\Bond-and-Pollard\Admin\IT\source-repository\oracle-appsdemo\.git\objects\4a\fbe4694cd3c231839dbec87aae92e8304f8a28 -> d:\demo\FREEPDB1\APPSDEMO\.git\objects\4a\fbe4694cd3c231839dbec87aae92e8304f8a28
Moved file: D:\users\ianbo\Documents\Business\Bond-and-Pollard\Admin\IT\source-repository\oracle-appsdemo\.git\objects\4b\0168407292d216bd84a581ca87df3f867060c3 -> d:\demo\FREEPDB1\APPSDEMO\.git\objects\4b\0168407292d216bd84a581ca87df3f867060c3
Moved file: D:\users\ianbo\Documents\Business\Bond-and-Pollard\Admin\IT\source-repository\oracle-appsdemo\.git\objects\4b\58d12548f39a0ebe0c6782a64d6fcf97179e40 -> d:\demo\FREEPDB1\APPSDEMO\.git\objects\4b\58d12548f39a0ebe0c6782a64d6fcf97179e40
Moved file: D:\users\ianbo\Documents\Business\Bond-and-Pollard\Admin\IT\source-repository\oracle-appsdemo\.git\objects\4b\afae1955d099a1443b693c4660a1b45c8592e1 -> d:\demo\FREEPDB1\APPSDEMO\.git\objects\4b\afae1955d099a1443b693c4660a1b45c8592e1
Moved file: D:\users\ianbo\Documents\Business\Bond-and-Pollard\Admin\IT\source-repository\oracle-appsdemo\.git\objects\4b\cb5818db8863cefafb996baa287baef40b070f -> d:\demo\FREEPDB1\APPSDEMO\.git\objects\4b\cb5818db8863cefafb996baa287baef40b070f
Moved file: D:\users\ianbo\Documents\Business\Bond-and-Pollard\Admin\IT\source-repository\oracle-appsdemo\.git\objects\4b\e24ad7983d45f0fce4b7969117cbd8fa29ad78 -> d:\demo\FREEPDB1\APPSDEMO\.git\objects\4b\e24ad7983d45f0fce4b7969117cbd8fa29ad78
Moved file: D:\users\ianbo\Documents\Business\Bond-and-Pollard\Admin\IT\source-repository\oracle-appsdemo\.git\objects\4d\1c833bb9e80afc4dca67e98104bde9b88e8b71 -> d:\demo\FREEPDB1\APPSDEMO\.git\objects\4d\1c833bb9e80afc4dca67e98104bde9b88e8b71
Moved file: D:\users\ianbo\Documents\Business\Bond-and-Pollard\Admin\IT\source-repository\oracle-appsdemo\.git\objects\4d\38f8997c79b91194481dec10696febae715321 -> d:\demo\FREEPDB1\APPSDEMO\.git\objects\4d\38f8997c79b91194481dec10696febae715321
Moved file: D:\users\ianbo\Documents\Business\Bond-and-Pollard\Admin\IT\source-repository\oracle-appsdemo\.git\objects\4d\430fe058e1a76d8b6b9ba963c45e66a645c96f -> d:\demo\FREEPDB1\APPSDEMO\.git\objects\4d\430fe058e1a76d8b6b9ba963c45e66a645c96f
Moved file: D:\users\ianbo\Documents\Business\Bond-and-Pollard\Admin\IT\source-repository\oracle-appsdemo\.git\objects\4d\d005448430f382a3ce26a4829588722e158118 -> d:\demo\FREEPDB1\APPSDEMO\.git\objects\4d\d005448430f382a3ce26a4829588722e158118
Moved file: D:\users\ianbo\Documents\Business\Bond-and-Pollard\Admin\IT\source-repository\oracle-appsdemo\.git\objects\4e\3abc6bba863ec46744fcdaa802b2cda1878ee3 -> d:\demo\FREEPDB1\APPSDEMO\.git\objects\4e\3abc6bba863ec46744fcdaa802b2cda1878ee3
Moved file: D:\users\ianbo\Documents\Business\Bond-and-Pollard\Admin\IT\source-repository\oracle-appsdemo\.git\objects\4e\44d0121c341e798e4ee861ae650bcb72907c39 -> d:\demo\FREEPDB1\APPSDEMO\.git\objects\4e\44d0121c341e798e4ee861ae650bcb72907c39
Moved file: D:\users\ianbo\Documents\Business\Bond-and-Pollard\Admin\IT\source-repository\oracle-appsdemo\.git\objects\4e\66bb49d90ea3bcfaab4fe166484cd4ccd5d43a -> d:\demo\FREEPDB1\APPSDEMO\.git\objects\4e\66bb49d90ea3bcfaab4fe166484cd4ccd5d43a
Moved file: D:\users\ianbo\Documents\Business\Bond-and-Pollard\Admin\IT\source-repository\oracle-appsdemo\.git\objects\4e\ca8fe25ccbed713966fc637ae130266a8117bd -> d:\demo\FREEPDB1\APPSDEMO\.git\objects\4e\ca8fe25ccbed713966fc637ae130266a8117bd
Moved file: D:\users\ianbo\Documents\Business\Bond-and-Pollard\Admin\IT\source-repository\oracle-appsdemo\.git\objects\4f\63f772462b5f9bf5cd98f7629d1105e2ab50f3 -> d:\demo\FREEPDB1\APPSDEMO\.git\objects\4f\63f772462b5f9bf5cd98f7629d1105e2ab50f3
Moved file: D:\users\ianbo\Documents\Business\Bond-and-Pollard\Admin\IT\source-repository\oracle-appsdemo\.git\objects\4f\6843e7eac355ce5c34241cf6fe34c6494beeec -> d:\demo\FREEPDB1\APPSDEMO\.git\objects\4f\6843e7eac355ce5c34241cf6fe34c6494beeec
Moved file: D:\users\ianbo\Documents\Business\Bond-and-Pollard\Admin\IT\source-repository\oracle-appsdemo\.git\objects\4f\86927a56d823c1f73dd670961496d7576c4251 -> d:\demo\FREEPDB1\APPSDEMO\.git\objects\4f\86927a56d823c1f73dd670961496d7576c4251
Moved file: D:\users\ianbo\Documents\Business\Bond-and-Pollard\Admin\IT\source-repository\oracle-appsdemo\.git\objects\4f\96fe69fda03c121848401d57551e21d42b0a4f -> d:\demo\FREEPDB1\APPSDEMO\.git\objects\4f\96fe69fda03c121848401d57551e21d42b0a4f
Moved file: D:\users\ianbo\Documents\Business\Bond-and-Pollard\Admin\IT\source-repository\oracle-appsdemo\.git\objects\4f\c720a0b3163fefb676c3c9935013ec48e55bcf -> d:\demo\FREEPDB1\APPSDEMO\.git\objects\4f\c720a0b3163fefb676c3c9935013ec48e55bcf
Moved file: D:\users\ianbo\Documents\Business\Bond-and-Pollard\Admin\IT\source-repository\oracle-appsdemo\.git\objects\50\eb06162d0472e1bcfb725c7ddb68d81605fc36 -> d:\demo\FREEPDB1\APPSDEMO\.git\objects\50\eb06162d0472e1bcfb725c7ddb68d81605fc36
Moved file: D:\users\ianbo\Documents\Business\Bond-and-Pollard\Admin\IT\source-repository\oracle-appsdemo\.git\objects\50\ec3e0d77d6e2d7b76eb2592b41dc91e44aba0e -> d:\demo\FREEPDB1\APPSDEMO\.git\objects\50\ec3e0d77d6e2d7b76eb2592b41dc91e44aba0e
Moved file: D:\users\ianbo\Documents\Business\Bond-and-Pollard\Admin\IT\source-repository\oracle-appsdemo\.git\objects\50\fa45b50eed6f299396bdc58a4139f2a3f511ad -> d:\demo\FREEPDB1\APPSDEMO\.git\objects\50\fa45b50eed6f299396bdc58a4139f2a3f511ad
Moved file: D:\users\ianbo\Documents\Business\Bond-and-Pollard\Admin\IT\source-repository\oracle-appsdemo\.git\objects\51\80827573260e326bd59cf6cb19093309aeda05 -> d:\demo\FREEPDB1\APPSDEMO\.git\objects\51\80827573260e326bd59cf6cb19093309aeda05
Moved file: D:\users\ianbo\Documents\Business\Bond-and-Pollard\Admin\IT\source-repository\oracle-appsdemo\.git\objects\52\45a5a64c96b36e872be4f6add53b6155627bad -> d:\demo\FREEPDB1\APPSDEMO\.git\objects\52\45a5a64c96b36e872be4f6add53b6155627bad
Moved file: D:\users\ianbo\Documents\Business\Bond-and-Pollard\Admin\IT\source-repository\oracle-appsdemo\.git\objects\52\8074e35362cd0642b1aff2369a8b6cef383866 -> d:\demo\FREEPDB1\APPSDEMO\.git\objects\52\8074e35362cd0642b1aff2369a8b6cef383866
Moved file: D:\users\ianbo\Documents\Business\Bond-and-Pollard\Admin\IT\source-repository\oracle-appsdemo\.git\objects\52\a3300896d3cd6e5a65fdca4de2bd6091f83790 -> d:\demo\FREEPDB1\APPSDEMO\.git\objects\52\a3300896d3cd6e5a65fdca4de2bd6091f83790
Moved file: D:\users\ianbo\Documents\Business\Bond-and-Pollard\Admin\IT\source-repository\oracle-appsdemo\.git\objects\53\4d2d700f3f8a808cd436ad24e6fde591b73416 -> d:\demo\FREEPDB1\APPSDEMO\.git\objects\53\4d2d700f3f8a808cd436ad24e6fde591b73416
Moved file: D:\users\ianbo\Documents\Business\Bond-and-Pollard\Admin\IT\source-repository\oracle-appsdemo\.git\objects\53\58a19374a47c9928bb8ee8511a091d5bdef5c7 -> d:\demo\FREEPDB1\APPSDEMO\.git\objects\53\58a19374a47c9928bb8ee8511a091d5bdef5c7
Moved file: D:\users\ianbo\Documents\Business\Bond-and-Pollard\Admin\IT\source-repository\oracle-appsdemo\.git\objects\53\bccc1ef33e5c6e57f36a0f96b2ba6de9a7e7a0 -> d:\demo\FREEPDB1\APPSDEMO\.git\objects\53\bccc1ef33e5c6e57f36a0f96b2ba6de9a7e7a0
Moved file: D:\users\ianbo\Documents\Business\Bond-and-Pollard\Admin\IT\source-repository\oracle-appsdemo\.git\objects\54\897b9a4296bb96b517e7158c038877c6be95b7 -> d:\demo\FREEPDB1\APPSDEMO\.git\objects\54\897b9a4296bb96b517e7158c038877c6be95b7
Moved file: D:\users\ianbo\Documents\Business\Bond-and-Pollard\Admin\IT\source-repository\oracle-appsdemo\.git\objects\54\9ce61239e3358bad358692c7ce1b44a2169cdf -> d:\demo\FREEPDB1\APPSDEMO\.git\objects\54\9ce61239e3358bad358692c7ce1b44a2169cdf
Moved file: D:\users\ianbo\Documents\Business\Bond-and-Pollard\Admin\IT\source-repository\oracle-appsdemo\.git\objects\55\5795b1e455ed5881961395b8fd63017439919a -> d:\demo\FREEPDB1\APPSDEMO\.git\objects\55\5795b1e455ed5881961395b8fd63017439919a
Moved file: D:\users\ianbo\Documents\Business\Bond-and-Pollard\Admin\IT\source-repository\oracle-appsdemo\.git\objects\55\bbbacd77d7778acd769529a0e76ca9b928bd71 -> d:\demo\FREEPDB1\APPSDEMO\.git\objects\55\bbbacd77d7778acd769529a0e76ca9b928bd71
Moved file: D:\users\ianbo\Documents\Business\Bond-and-Pollard\Admin\IT\source-repository\oracle-appsdemo\.git\objects\55\d1bf119b84bb20cc386c75680977747144994f -> d:\demo\FREEPDB1\APPSDEMO\.git\objects\55\d1bf119b84bb20cc386c75680977747144994f
Moved file: D:\users\ianbo\Documents\Business\Bond-and-Pollard\Admin\IT\source-repository\oracle-appsdemo\.git\objects\56\68322fd8e55a4d02211889daee714174971c23 -> d:\demo\FREEPDB1\APPSDEMO\.git\objects\56\68322fd8e55a4d02211889daee714174971c23
Moved file: D:\users\ianbo\Documents\Business\Bond-and-Pollard\Admin\IT\source-repository\oracle-appsdemo\.git\objects\56\c196c1f0e8776e194027b8048a4e76deb1044d -> d:\demo\FREEPDB1\APPSDEMO\.git\objects\56\c196c1f0e8776e194027b8048a4e76deb1044d
Moved file: D:\users\ianbo\Documents\Business\Bond-and-Pollard\Admin\IT\source-repository\oracle-appsdemo\.git\objects\58\b8e0e109ae883a4b98654f43382410ee7958a8 -> d:\demo\FREEPDB1\APPSDEMO\.git\objects\58\b8e0e109ae883a4b98654f43382410ee7958a8
Moved file: D:\users\ianbo\Documents\Business\Bond-and-Pollard\Admin\IT\source-repository\oracle-appsdemo\.git\objects\59\05adb3a76ac1f67c800c02305954dbb9f0aa1c -> d:\demo\FREEPDB1\APPSDEMO\.git\objects\59\05adb3a76ac1f67c800c02305954dbb9f0aa1c
Moved file: D:\users\ianbo\Documents\Business\Bond-and-Pollard\Admin\IT\source-repository\oracle-appsdemo\.git\objects\59\d95c6c4186575831f3e7440912d0e90cef79d6 -> d:\demo\FREEPDB1\APPSDEMO\.git\objects\59\d95c6c4186575831f3e7440912d0e90cef79d6
Moved file: D:\users\ianbo\Documents\Business\Bond-and-Pollard\Admin\IT\source-repository\oracle-appsdemo\.git\objects\5a\468c6c74c7acb4d5fe569335d760af1f5eeda4 -> d:\demo\FREEPDB1\APPSDEMO\.git\objects\5a\468c6c74c7acb4d5fe569335d760af1f5eeda4
Moved file: D:\users\ianbo\Documents\Business\Bond-and-Pollard\Admin\IT\source-repository\oracle-appsdemo\.git\objects\5a\db98bfb8f93a51f19b6a919013aa3bf87e4195 -> d:\demo\FREEPDB1\APPSDEMO\.git\objects\5a\db98bfb8f93a51f19b6a919013aa3bf87e4195
Moved file: D:\users\ianbo\Documents\Business\Bond-and-Pollard\Admin\IT\source-repository\oracle-appsdemo\.git\objects\5b\2d9b1d53f753d6717df23253206a0bc9c483cc -> d:\demo\FREEPDB1\APPSDEMO\.git\objects\5b\2d9b1d53f753d6717df23253206a0bc9c483cc
Moved file: D:\users\ianbo\Documents\Business\Bond-and-Pollard\Admin\IT\source-repository\oracle-appsdemo\.git\objects\5b\6a5fbca49e53e599b879528e3f97e797939677 -> d:\demo\FREEPDB1\APPSDEMO\.git\objects\5b\6a5fbca49e53e599b879528e3f97e797939677
Moved file: D:\users\ianbo\Documents\Business\Bond-and-Pollard\Admin\IT\source-repository\oracle-appsdemo\.git\objects\5b\7e2b0e0ae3c9ab564d8a3d457a892308c75803 -> d:\demo\FREEPDB1\APPSDEMO\.git\objects\5b\7e2b0e0ae3c9ab564d8a3d457a892308c75803
Moved file: D:\users\ianbo\Documents\Business\Bond-and-Pollard\Admin\IT\source-repository\oracle-appsdemo\.git\objects\5b\8995b7dade9c5771749b4bca0f0a3384e9e3e8 -> d:\demo\FREEPDB1\APPSDEMO\.git\objects\5b\8995b7dade9c5771749b4bca0f0a3384e9e3e8
Moved file: D:\users\ianbo\Documents\Business\Bond-and-Pollard\Admin\IT\source-repository\oracle-appsdemo\.git\objects\5c\07ce05a69186fdab488a6c6d04fb5cdf02a508 -> d:\demo\FREEPDB1\APPSDEMO\.git\objects\5c\07ce05a69186fdab488a6c6d04fb5cdf02a508
Moved file: D:\users\ianbo\Documents\Business\Bond-and-Pollard\Admin\IT\source-repository\oracle-appsdemo\.git\objects\5c\5dcc89509752015fb3c609f282de34a42548d8 -> d:\demo\FREEPDB1\APPSDEMO\.git\objects\5c\5dcc89509752015fb3c609f282de34a42548d8
Moved file: D:\users\ianbo\Documents\Business\Bond-and-Pollard\Admin\IT\source-repository\oracle-appsdemo\.git\objects\5c\91abe30d3a2872e96ad50d1d558d8e1484ad2a -> d:\demo\FREEPDB1\APPSDEMO\.git\objects\5c\91abe30d3a2872e96ad50d1d558d8e1484ad2a
Moved file: D:\users\ianbo\Documents\Business\Bond-and-Pollard\Admin\IT\source-repository\oracle-appsdemo\.git\objects\5c\ece91522cd6f959fc678b38bee32da728a8c9d -> d:\demo\FREEPDB1\APPSDEMO\.git\objects\5c\ece91522cd6f959fc678b38bee32da728a8c9d
Moved file: D:\users\ianbo\Documents\Business\Bond-and-Pollard\Admin\IT\source-repository\oracle-appsdemo\.git\objects\5d\1c64d929f097555c7a042d7ab86b1a4986246f -> d:\demo\FREEPDB1\APPSDEMO\.git\objects\5d\1c64d929f097555c7a042d7ab86b1a4986246f
Moved file: D:\users\ianbo\Documents\Business\Bond-and-Pollard\Admin\IT\source-repository\oracle-appsdemo\.git\objects\5d\2ea776fdf597f15790ba1b923653b4b23ea233 -> d:\demo\FREEPDB1\APPSDEMO\.git\objects\5d\2ea776fdf597f15790ba1b923653b4b23ea233
Moved file: D:\users\ianbo\Documents\Business\Bond-and-Pollard\Admin\IT\source-repository\oracle-appsdemo\.git\objects\5d\3cea4bb124617e72a3b85a4eaddead4b0cc10b -> d:\demo\FREEPDB1\APPSDEMO\.git\objects\5d\3cea4bb124617e72a3b85a4eaddead4b0cc10b
Moved file: D:\users\ianbo\Documents\Business\Bond-and-Pollard\Admin\IT\source-repository\oracle-appsdemo\.git\objects\5d\8530162965e436057c6c109a5be7d1b9c09523 -> d:\demo\FREEPDB1\APPSDEMO\.git\objects\5d\8530162965e436057c6c109a5be7d1b9c09523
Moved file: D:\users\ianbo\Documents\Business\Bond-and-Pollard\Admin\IT\source-repository\oracle-appsdemo\.git\objects\5d\934d8c615a590c0a3b05a69f77a761265e57fc -> d:\demo\FREEPDB1\APPSDEMO\.git\objects\5d\934d8c615a590c0a3b05a69f77a761265e57fc
Moved file: D:\users\ianbo\Documents\Business\Bond-and-Pollard\Admin\IT\source-repository\oracle-appsdemo\.git\objects\5e\0f3f7e64e333af4a19b86cb2b44684dd7d8006 -> d:\demo\FREEPDB1\APPSDEMO\.git\objects\5e\0f3f7e64e333af4a19b86cb2b44684dd7d8006
Moved file: D:\users\ianbo\Documents\Business\Bond-and-Pollard\Admin\IT\source-repository\oracle-appsdemo\.git\objects\5e\732c3cc9707cc5b1fb020338dd923f54a44613 -> d:\demo\FREEPDB1\APPSDEMO\.git\objects\5e\732c3cc9707cc5b1fb020338dd923f54a44613
Moved file: D:\users\ianbo\Documents\Business\Bond-and-Pollard\Admin\IT\source-repository\oracle-appsdemo\.git\objects\5e\f1f6cb638da5941b7a6bb34c3b1727b63299aa -> d:\demo\FREEPDB1\APPSDEMO\.git\objects\5e\f1f6cb638da5941b7a6bb34c3b1727b63299aa
Moved file: D:\users\ianbo\Documents\Business\Bond-and-Pollard\Admin\IT\source-repository\oracle-appsdemo\.git\objects\60\895e543734e2db15278b385967c0d77ee3dd83 -> d:\demo\FREEPDB1\APPSDEMO\.git\objects\60\895e543734e2db15278b385967c0d77ee3dd83
Moved file: D:\users\ianbo\Documents\Business\Bond-and-Pollard\Admin\IT\source-repository\oracle-appsdemo\.git\objects\60\a16a56e680d833141ff2bb2df4f76b97f1dd49 -> d:\demo\FREEPDB1\APPSDEMO\.git\objects\60\a16a56e680d833141ff2bb2df4f76b97f1dd49
Moved file: D:\users\ianbo\Documents\Business\Bond-and-Pollard\Admin\IT\source-repository\oracle-appsdemo\.git\objects\60\b7289205cfbd6957b8411ee3d7f5d4253b5fd2 -> d:\demo\FREEPDB1\APPSDEMO\.git\objects\60\b7289205cfbd6957b8411ee3d7f5d4253b5fd2
Moved file: D:\users\ianbo\Documents\Business\Bond-and-Pollard\Admin\IT\source-repository\oracle-appsdemo\.git\objects\60\da893dff935e18fb1cc18b650d2f6f8b99c038 -> d:\demo\FREEPDB1\APPSDEMO\.git\objects\60\da893dff935e18fb1cc18b650d2f6f8b99c038
Moved file: D:\users\ianbo\Documents\Business\Bond-and-Pollard\Admin\IT\source-repository\oracle-appsdemo\.git\objects\60\ef982c8044e8d7213b34abf2591006798ea7ba -> d:\demo\FREEPDB1\APPSDEMO\.git\objects\60\ef982c8044e8d7213b34abf2591006798ea7ba
Moved file: D:\users\ianbo\Documents\Business\Bond-and-Pollard\Admin\IT\source-repository\oracle-appsdemo\.git\objects\61\8a62f56176167b42ffea1da5bc74c8f5e8c72d -> d:\demo\FREEPDB1\APPSDEMO\.git\objects\61\8a62f56176167b42ffea1da5bc74c8f5e8c72d
Moved file: D:\users\ianbo\Documents\Business\Bond-and-Pollard\Admin\IT\source-repository\oracle-appsdemo\.git\objects\62\1e02f097d6b551b9dcf4db50a3b238df3040c9 -> d:\demo\FREEPDB1\APPSDEMO\.git\objects\62\1e02f097d6b551b9dcf4db50a3b238df3040c9
Moved file: D:\users\ianbo\Documents\Business\Bond-and-Pollard\Admin\IT\source-repository\oracle-appsdemo\.git\objects\62\90f7a3f7c4ced7db4cb8b0a20b722544ebe5bc -> d:\demo\FREEPDB1\APPSDEMO\.git\objects\62\90f7a3f7c4ced7db4cb8b0a20b722544ebe5bc
Moved file: D:\users\ianbo\Documents\Business\Bond-and-Pollard\Admin\IT\source-repository\oracle-appsdemo\.git\objects\62\c953fab766286da1b19a9a6c935ee03de59b3c -> d:\demo\FREEPDB1\APPSDEMO\.git\objects\62\c953fab766286da1b19a9a6c935ee03de59b3c
Moved file: D:\users\ianbo\Documents\Business\Bond-and-Pollard\Admin\IT\source-repository\oracle-appsdemo\.git\objects\62\efff6c7a08224e0157713d929fba7b091c01d8 -> d:\demo\FREEPDB1\APPSDEMO\.git\objects\62\efff6c7a08224e0157713d929fba7b091c01d8
Moved file: D:\users\ianbo\Documents\Business\Bond-and-Pollard\Admin\IT\source-repository\oracle-appsdemo\.git\objects\63\2bb419c2a5f3bb7362e69b327e2f923271a02a -> d:\demo\FREEPDB1\APPSDEMO\.git\objects\63\2bb419c2a5f3bb7362e69b327e2f923271a02a
Moved file: D:\users\ianbo\Documents\Business\Bond-and-Pollard\Admin\IT\source-repository\oracle-appsdemo\.git\objects\63\4f3b653043afd451a304e9cda6fe4503a8d6bc -> d:\demo\FREEPDB1\APPSDEMO\.git\objects\63\4f3b653043afd451a304e9cda6fe4503a8d6bc
Moved file: D:\users\ianbo\Documents\Business\Bond-and-Pollard\Admin\IT\source-repository\oracle-appsdemo\.git\objects\63\5c0276c2995f76bfac914010f927f4bb2b0193 -> d:\demo\FREEPDB1\APPSDEMO\.git\objects\63\5c0276c2995f76bfac914010f927f4bb2b0193
Moved file: D:\users\ianbo\Documents\Business\Bond-and-Pollard\Admin\IT\source-repository\oracle-appsdemo\.git\objects\63\d999e12f8225e9f577067f3c0603f8aeabd682 -> d:\demo\FREEPDB1\APPSDEMO\.git\objects\63\d999e12f8225e9f577067f3c0603f8aeabd682
Moved file: D:\users\ianbo\Documents\Business\Bond-and-Pollard\Admin\IT\source-repository\oracle-appsdemo\.git\objects\64\7e76638a68e9449d425798e283f50b1010294c -> d:\demo\FREEPDB1\APPSDEMO\.git\objects\64\7e76638a68e9449d425798e283f50b1010294c
Moved file: D:\users\ianbo\Documents\Business\Bond-and-Pollard\Admin\IT\source-repository\oracle-appsdemo\.git\objects\65\0d3f01874a95f6a57a47120938843de2743b28 -> d:\demo\FREEPDB1\APPSDEMO\.git\objects\65\0d3f01874a95f6a57a47120938843de2743b28
Moved file: D:\users\ianbo\Documents\Business\Bond-and-Pollard\Admin\IT\source-repository\oracle-appsdemo\.git\objects\66\397630a668e159d3d247ccb5d0626b82d8f30e -> d:\demo\FREEPDB1\APPSDEMO\.git\objects\66\397630a668e159d3d247ccb5d0626b82d8f30e
Moved file: D:\users\ianbo\Documents\Business\Bond-and-Pollard\Admin\IT\source-repository\oracle-appsdemo\.git\objects\66\7fc40522fa07a8497277254677fe695ee17646 -> d:\demo\FREEPDB1\APPSDEMO\.git\objects\66\7fc40522fa07a8497277254677fe695ee17646
Moved file: D:\users\ianbo\Documents\Business\Bond-and-Pollard\Admin\IT\source-repository\oracle-appsdemo\.git\objects\66\86a3bbc86f6e311955783b5abf87282dd3bc45 -> d:\demo\FREEPDB1\APPSDEMO\.git\objects\66\86a3bbc86f6e311955783b5abf87282dd3bc45
Moved file: D:\users\ianbo\Documents\Business\Bond-and-Pollard\Admin\IT\source-repository\oracle-appsdemo\.git\objects\66\9f98de10a3e455eb2271f26fbd39b823f6bdfe -> d:\demo\FREEPDB1\APPSDEMO\.git\objects\66\9f98de10a3e455eb2271f26fbd39b823f6bdfe
Moved file: D:\users\ianbo\Documents\Business\Bond-and-Pollard\Admin\IT\source-repository\oracle-appsdemo\.git\objects\66\efb007133376a51abda58d342fd8f6ff7dd8be -> d:\demo\FREEPDB1\APPSDEMO\.git\objects\66\efb007133376a51abda58d342fd8f6ff7dd8be
Moved file: D:\users\ianbo\Documents\Business\Bond-and-Pollard\Admin\IT\source-repository\oracle-appsdemo\.git\objects\66\f39920f37e0639a2f07fa49968695f6f8f3154 -> d:\demo\FREEPDB1\APPSDEMO\.git\objects\66\f39920f37e0639a2f07fa49968695f6f8f3154
Moved file: D:\users\ianbo\Documents\Business\Bond-and-Pollard\Admin\IT\source-repository\oracle-appsdemo\.git\objects\66\f5a8f2006ec1d13e7617ebae868f7d027e07fc -> d:\demo\FREEPDB1\APPSDEMO\.git\objects\66\f5a8f2006ec1d13e7617ebae868f7d027e07fc
Moved file: D:\users\ianbo\Documents\Business\Bond-and-Pollard\Admin\IT\source-repository\oracle-appsdemo\.git\objects\67\58d62de235c3428a872451ab7762f9460948b3 -> d:\demo\FREEPDB1\APPSDEMO\.git\objects\67\58d62de235c3428a872451ab7762f9460948b3
Moved file: D:\users\ianbo\Documents\Business\Bond-and-Pollard\Admin\IT\source-repository\oracle-appsdemo\.git\objects\68\11f63fbf19edc12ef16e6945bb2302e12c4abd -> d:\demo\FREEPDB1\APPSDEMO\.git\objects\68\11f63fbf19edc12ef16e6945bb2302e12c4abd
Moved file: D:\users\ianbo\Documents\Business\Bond-and-Pollard\Admin\IT\source-repository\oracle-appsdemo\.git\objects\68\e4f6bc88df4d09d2b2cb7e8ef5cee90d615b75 -> d:\demo\FREEPDB1\APPSDEMO\.git\objects\68\e4f6bc88df4d09d2b2cb7e8ef5cee90d615b75
Moved file: D:\users\ianbo\Documents\Business\Bond-and-Pollard\Admin\IT\source-repository\oracle-appsdemo\.git\objects\69\02d77affcb6fbc1bb672547eda8e1e4e8c7dd8 -> d:\demo\FREEPDB1\APPSDEMO\.git\objects\69\02d77affcb6fbc1bb672547eda8e1e4e8c7dd8
Moved file: D:\users\ianbo\Documents\Business\Bond-and-Pollard\Admin\IT\source-repository\oracle-appsdemo\.git\objects\69\7a42a79e249083752e6cddef986809c821d249 -> d:\demo\FREEPDB1\APPSDEMO\.git\objects\69\7a42a79e249083752e6cddef986809c821d249
Moved file: D:\users\ianbo\Documents\Business\Bond-and-Pollard\Admin\IT\source-repository\oracle-appsdemo\.git\objects\69\9f5cefa4879f80fc8d7a0579b66743e22a1e6e -> d:\demo\FREEPDB1\APPSDEMO\.git\objects\69\9f5cefa4879f80fc8d7a0579b66743e22a1e6e
Moved file: D:\users\ianbo\Documents\Business\Bond-and-Pollard\Admin\IT\source-repository\oracle-appsdemo\.git\objects\69\aeb9e4796a9cba859b00c275dd916c7cd0296b -> d:\demo\FREEPDB1\APPSDEMO\.git\objects\69\aeb9e4796a9cba859b00c275dd916c7cd0296b
Moved file: D:\users\ianbo\Documents\Business\Bond-and-Pollard\Admin\IT\source-repository\oracle-appsdemo\.git\objects\6a\04469cc21cceb7a31f795c70f39ab77f680b5c -> d:\demo\FREEPDB1\APPSDEMO\.git\objects\6a\04469cc21cceb7a31f795c70f39ab77f680b5c
Moved file: D:\users\ianbo\Documents\Business\Bond-and-Pollard\Admin\IT\source-repository\oracle-appsdemo\.git\objects\6a\2b0be95a272f4a0d7bc95b2642f2731686aafc -> d:\demo\FREEPDB1\APPSDEMO\.git\objects\6a\2b0be95a272f4a0d7bc95b2642f2731686aafc
Moved file: D:\users\ianbo\Documents\Business\Bond-and-Pollard\Admin\IT\source-repository\oracle-appsdemo\.git\objects\6a\a07e104cf49ae5b6b5003a819a1b3583557b05 -> d:\demo\FREEPDB1\APPSDEMO\.git\objects\6a\a07e104cf49ae5b6b5003a819a1b3583557b05
Moved file: D:\users\ianbo\Documents\Business\Bond-and-Pollard\Admin\IT\source-repository\oracle-appsdemo\.git\objects\6a\e69043f5fe528d7d5e92cbbe8168bc681c159d -> d:\demo\FREEPDB1\APPSDEMO\.git\objects\6a\e69043f5fe528d7d5e92cbbe8168bc681c159d
Moved file: D:\users\ianbo\Documents\Business\Bond-and-Pollard\Admin\IT\source-repository\oracle-appsdemo\.git\objects\6b\19bac8b8c42653971064c2173e1d6fde32ba0e -> d:\demo\FREEPDB1\APPSDEMO\.git\objects\6b\19bac8b8c42653971064c2173e1d6fde32ba0e
Moved file: D:\users\ianbo\Documents\Business\Bond-and-Pollard\Admin\IT\source-repository\oracle-appsdemo\.git\objects\6b\4f32d5af7f73b6d30c6152ebc31435544d4037 -> d:\demo\FREEPDB1\APPSDEMO\.git\objects\6b\4f32d5af7f73b6d30c6152ebc31435544d4037
Moved file: D:\users\ianbo\Documents\Business\Bond-and-Pollard\Admin\IT\source-repository\oracle-appsdemo\.git\objects\6b\5db2c249a80260a4b3ad3de94ef25a0ce8f1a3 -> d:\demo\FREEPDB1\APPSDEMO\.git\objects\6b\5db2c249a80260a4b3ad3de94ef25a0ce8f1a3
Moved file: D:\users\ianbo\Documents\Business\Bond-and-Pollard\Admin\IT\source-repository\oracle-appsdemo\.git\objects\6b\7d2ad57f3bda08cb29aec5698055a4d5966004 -> d:\demo\FREEPDB1\APPSDEMO\.git\objects\6b\7d2ad57f3bda08cb29aec5698055a4d5966004
Moved file: D:\users\ianbo\Documents\Business\Bond-and-Pollard\Admin\IT\source-repository\oracle-appsdemo\.git\objects\6b\7db428554439652351d52de95fcd731bce2f96 -> d:\demo\FREEPDB1\APPSDEMO\.git\objects\6b\7db428554439652351d52de95fcd731bce2f96
Moved file: D:\users\ianbo\Documents\Business\Bond-and-Pollard\Admin\IT\source-repository\oracle-appsdemo\.git\objects\6b\9788c656d6d574325418b87bb4b8b87f7168b2 -> d:\demo\FREEPDB1\APPSDEMO\.git\objects\6b\9788c656d6d574325418b87bb4b8b87f7168b2
Moved file: D:\users\ianbo\Documents\Business\Bond-and-Pollard\Admin\IT\source-repository\oracle-appsdemo\.git\objects\6b\d53cac2172f6da0f72b2703e4c01763b8b94d2 -> d:\demo\FREEPDB1\APPSDEMO\.git\objects\6b\d53cac2172f6da0f72b2703e4c01763b8b94d2
Moved file: D:\users\ianbo\Documents\Business\Bond-and-Pollard\Admin\IT\source-repository\oracle-appsdemo\.git\objects\6c\0f3ea3518f98d61735ce9ba1d870619ead540c -> d:\demo\FREEPDB1\APPSDEMO\.git\objects\6c\0f3ea3518f98d61735ce9ba1d870619ead540c
Moved file: D:\users\ianbo\Documents\Business\Bond-and-Pollard\Admin\IT\source-repository\oracle-appsdemo\.git\objects\6c\ced418b5e056ede71dd631ebfd2f7721416293 -> d:\demo\FREEPDB1\APPSDEMO\.git\objects\6c\ced418b5e056ede71dd631ebfd2f7721416293
Moved file: D:\users\ianbo\Documents\Business\Bond-and-Pollard\Admin\IT\source-repository\oracle-appsdemo\.git\objects\6d\452f1721abe692485100cdcb457b177d6abfc3 -> d:\demo\FREEPDB1\APPSDEMO\.git\objects\6d\452f1721abe692485100cdcb457b177d6abfc3
Moved file: D:\users\ianbo\Documents\Business\Bond-and-Pollard\Admin\IT\source-repository\oracle-appsdemo\.git\objects\6d\579c37bc1217aa8b6d0b5541c15adb45bce789 -> d:\demo\FREEPDB1\APPSDEMO\.git\objects\6d\579c37bc1217aa8b6d0b5541c15adb45bce789
Moved file: D:\users\ianbo\Documents\Business\Bond-and-Pollard\Admin\IT\source-repository\oracle-appsdemo\.git\objects\6d\6250396321c0bf9427e7237426edc56e10f814 -> d:\demo\FREEPDB1\APPSDEMO\.git\objects\6d\6250396321c0bf9427e7237426edc56e10f814
Moved file: D:\users\ianbo\Documents\Business\Bond-and-Pollard\Admin\IT\source-repository\oracle-appsdemo\.git\objects\6d\a4e08c7a5b94ed802443d9ffa5b7b3a919ec3f -> d:\demo\FREEPDB1\APPSDEMO\.git\objects\6d\a4e08c7a5b94ed802443d9ffa5b7b3a919ec3f
Moved file: D:\users\ianbo\Documents\Business\Bond-and-Pollard\Admin\IT\source-repository\oracle-appsdemo\.git\objects\6d\cd8ba92cd06acecc3fddd4140038cee24b6ef6 -> d:\demo\FREEPDB1\APPSDEMO\.git\objects\6d\cd8ba92cd06acecc3fddd4140038cee24b6ef6
Moved file: D:\users\ianbo\Documents\Business\Bond-and-Pollard\Admin\IT\source-repository\oracle-appsdemo\.git\objects\6e\3317866c7639d6a649b40d2321c5653dca3608 -> d:\demo\FREEPDB1\APPSDEMO\.git\objects\6e\3317866c7639d6a649b40d2321c5653dca3608
Moved file: D:\users\ianbo\Documents\Business\Bond-and-Pollard\Admin\IT\source-repository\oracle-appsdemo\.git\objects\6e\3ba9c38fb32d7c7bc822ceb98237d35341d6ed -> d:\demo\FREEPDB1\APPSDEMO\.git\objects\6e\3ba9c38fb32d7c7bc822ceb98237d35341d6ed
Moved file: D:\users\ianbo\Documents\Business\Bond-and-Pollard\Admin\IT\source-repository\oracle-appsdemo\.git\objects\6f\568cf98b704d49627a0c06a9ba68ca1ebc2a2f -> d:\demo\FREEPDB1\APPSDEMO\.git\objects\6f\568cf98b704d49627a0c06a9ba68ca1ebc2a2f
Moved file: D:\users\ianbo\Documents\Business\Bond-and-Pollard\Admin\IT\source-repository\oracle-appsdemo\.git\objects\6f\a9c8583fe55e2810e3d5c8f544671a4514c0cb -> d:\demo\FREEPDB1\APPSDEMO\.git\objects\6f\a9c8583fe55e2810e3d5c8f544671a4514c0cb
Moved file: D:\users\ianbo\Documents\Business\Bond-and-Pollard\Admin\IT\source-repository\oracle-appsdemo\.git\objects\70\b8bfc58877d7db8992fffd3a78344961717568 -> d:\demo\FREEPDB1\APPSDEMO\.git\objects\70\b8bfc58877d7db8992fffd3a78344961717568
Moved file: D:\users\ianbo\Documents\Business\Bond-and-Pollard\Admin\IT\source-repository\oracle-appsdemo\.git\objects\71\3a6778a7dea241e59e015d75f5bb1d9298be27 -> d:\demo\FREEPDB1\APPSDEMO\.git\objects\71\3a6778a7dea241e59e015d75f5bb1d9298be27
Moved file: D:\users\ianbo\Documents\Business\Bond-and-Pollard\Admin\IT\source-repository\oracle-appsdemo\.git\objects\71\7aa665ba8dcf2f14a0dde7522e3acc76125903 -> d:\demo\FREEPDB1\APPSDEMO\.git\objects\71\7aa665ba8dcf2f14a0dde7522e3acc76125903
Moved file: D:\users\ianbo\Documents\Business\Bond-and-Pollard\Admin\IT\source-repository\oracle-appsdemo\.git\objects\72\3917270a6cd91091265339de961964a28dfd5d -> d:\demo\FREEPDB1\APPSDEMO\.git\objects\72\3917270a6cd91091265339de961964a28dfd5d
Moved file: D:\users\ianbo\Documents\Business\Bond-and-Pollard\Admin\IT\source-repository\oracle-appsdemo\.git\objects\72\61e555bba7c770419130f2e75944264d4b4549 -> d:\demo\FREEPDB1\APPSDEMO\.git\objects\72\61e555bba7c770419130f2e75944264d4b4549
Moved file: D:\users\ianbo\Documents\Business\Bond-and-Pollard\Admin\IT\source-repository\oracle-appsdemo\.git\objects\72\d34a4b9109915afa581e05ed8aa280cb4b2bca -> d:\demo\FREEPDB1\APPSDEMO\.git\objects\72\d34a4b9109915afa581e05ed8aa280cb4b2bca
Moved file: D:\users\ianbo\Documents\Business\Bond-and-Pollard\Admin\IT\source-repository\oracle-appsdemo\.git\objects\72\ed700c0502eea9566f185f8718e0daeba1559f -> d:\demo\FREEPDB1\APPSDEMO\.git\objects\72\ed700c0502eea9566f185f8718e0daeba1559f
Moved file: D:\users\ianbo\Documents\Business\Bond-and-Pollard\Admin\IT\source-repository\oracle-appsdemo\.git\objects\72\ee2f75e7fed5b427cd955efa1a83bb8255732a -> d:\demo\FREEPDB1\APPSDEMO\.git\objects\72\ee2f75e7fed5b427cd955efa1a83bb8255732a
Moved file: D:\users\ianbo\Documents\Business\Bond-and-Pollard\Admin\IT\source-repository\oracle-appsdemo\.git\objects\73\13ddc74351904c0c5024b6811200af42ff5971 -> d:\demo\FREEPDB1\APPSDEMO\.git\objects\73\13ddc74351904c0c5024b6811200af42ff5971
Moved file: D:\users\ianbo\Documents\Business\Bond-and-Pollard\Admin\IT\source-repository\oracle-appsdemo\.git\objects\73\1d58e1baf7248482b6cfda0358aac24d46f677 -> d:\demo\FREEPDB1\APPSDEMO\.git\objects\73\1d58e1baf7248482b6cfda0358aac24d46f677
Moved file: D:\users\ianbo\Documents\Business\Bond-and-Pollard\Admin\IT\source-repository\oracle-appsdemo\.git\objects\73\400c7d58da0ea989979eeff37aa0d92b69aa57 -> d:\demo\FREEPDB1\APPSDEMO\.git\objects\73\400c7d58da0ea989979eeff37aa0d92b69aa57
Moved file: D:\users\ianbo\Documents\Business\Bond-and-Pollard\Admin\IT\source-repository\oracle-appsdemo\.git\objects\73\a5d9d99555bff10209840573818a5eabad7428 -> d:\demo\FREEPDB1\APPSDEMO\.git\objects\73\a5d9d99555bff10209840573818a5eabad7428
Moved file: D:\users\ianbo\Documents\Business\Bond-and-Pollard\Admin\IT\source-repository\oracle-appsdemo\.git\objects\73\d6892bd16d3261eebba3055f2446f6981a7f4b -> d:\demo\FREEPDB1\APPSDEMO\.git\objects\73\d6892bd16d3261eebba3055f2446f6981a7f4b
Moved file: D:\users\ianbo\Documents\Business\Bond-and-Pollard\Admin\IT\source-repository\oracle-appsdemo\.git\objects\74\89b854a8093dac3004c4d1a5b9a06c29c198fc -> d:\demo\FREEPDB1\APPSDEMO\.git\objects\74\89b854a8093dac3004c4d1a5b9a06c29c198fc
Moved file: D:\users\ianbo\Documents\Business\Bond-and-Pollard\Admin\IT\source-repository\oracle-appsdemo\.git\objects\75\18030e1367aa07199155f6594d1451dd553f48 -> d:\demo\FREEPDB1\APPSDEMO\.git\objects\75\18030e1367aa07199155f6594d1451dd553f48
Moved file: D:\users\ianbo\Documents\Business\Bond-and-Pollard\Admin\IT\source-repository\oracle-appsdemo\.git\objects\76\07612b06e052ec7b3737639ef1c60a10589bf6 -> d:\demo\FREEPDB1\APPSDEMO\.git\objects\76\07612b06e052ec7b3737639ef1c60a10589bf6
Moved file: D:\users\ianbo\Documents\Business\Bond-and-Pollard\Admin\IT\source-repository\oracle-appsdemo\.git\objects\76\4f071aab94996621db741bb3f64b5b800e2bd8 -> d:\demo\FREEPDB1\APPSDEMO\.git\objects\76\4f071aab94996621db741bb3f64b5b800e2bd8
Moved file: D:\users\ianbo\Documents\Business\Bond-and-Pollard\Admin\IT\source-repository\oracle-appsdemo\.git\objects\76\676b92d1c4a7c9b16b7b3881f1bd26488deee3 -> d:\demo\FREEPDB1\APPSDEMO\.git\objects\76\676b92d1c4a7c9b16b7b3881f1bd26488deee3
Moved file: D:\users\ianbo\Documents\Business\Bond-and-Pollard\Admin\IT\source-repository\oracle-appsdemo\.git\objects\77\67af43061ab1ed17e1562983fdad415f5a26f6 -> d:\demo\FREEPDB1\APPSDEMO\.git\objects\77\67af43061ab1ed17e1562983fdad415f5a26f6
Moved file: D:\users\ianbo\Documents\Business\Bond-and-Pollard\Admin\IT\source-repository\oracle-appsdemo\.git\objects\77\cee17d83f97e92a01c8ea925769faf4d1eac6b -> d:\demo\FREEPDB1\APPSDEMO\.git\objects\77\cee17d83f97e92a01c8ea925769faf4d1eac6b
Moved file: D:\users\ianbo\Documents\Business\Bond-and-Pollard\Admin\IT\source-repository\oracle-appsdemo\.git\objects\78\cea020ebaf53845fc6390fce960d8b1d301e21 -> d:\demo\FREEPDB1\APPSDEMO\.git\objects\78\cea020ebaf53845fc6390fce960d8b1d301e21
Moved file: D:\users\ianbo\Documents\Business\Bond-and-Pollard\Admin\IT\source-repository\oracle-appsdemo\.git\objects\79\8edfbe05bbaeb3ee9e9d4ae2f459c071a38ff0 -> d:\demo\FREEPDB1\APPSDEMO\.git\objects\79\8edfbe05bbaeb3ee9e9d4ae2f459c071a38ff0
Moved file: D:\users\ianbo\Documents\Business\Bond-and-Pollard\Admin\IT\source-repository\oracle-appsdemo\.git\objects\7a\00125847f92722245ddbf858945b1d544eac0d -> d:\demo\FREEPDB1\APPSDEMO\.git\objects\7a\00125847f92722245ddbf858945b1d544eac0d
Moved file: D:\users\ianbo\Documents\Business\Bond-and-Pollard\Admin\IT\source-repository\oracle-appsdemo\.git\objects\7a\a57d0dc7482f986d4f2b506ed1dec1ef0dc214 -> d:\demo\FREEPDB1\APPSDEMO\.git\objects\7a\a57d0dc7482f986d4f2b506ed1dec1ef0dc214
Moved file: D:\users\ianbo\Documents\Business\Bond-and-Pollard\Admin\IT\source-repository\oracle-appsdemo\.git\objects\7a\ed64598e4ee4db21c5d613d45b47f4b7ee0097 -> d:\demo\FREEPDB1\APPSDEMO\.git\objects\7a\ed64598e4ee4db21c5d613d45b47f4b7ee0097
Moved file: D:\users\ianbo\Documents\Business\Bond-and-Pollard\Admin\IT\source-repository\oracle-appsdemo\.git\objects\7b\4ec53cf44b1f23b1f91bf9f7e40c7e3a955b3e -> d:\demo\FREEPDB1\APPSDEMO\.git\objects\7b\4ec53cf44b1f23b1f91bf9f7e40c7e3a955b3e
Moved file: D:\users\ianbo\Documents\Business\Bond-and-Pollard\Admin\IT\source-repository\oracle-appsdemo\.git\objects\7b\856a639067f664711fbb27350e4ecc66dae920 -> d:\demo\FREEPDB1\APPSDEMO\.git\objects\7b\856a639067f664711fbb27350e4ecc66dae920
Moved file: D:\users\ianbo\Documents\Business\Bond-and-Pollard\Admin\IT\source-repository\oracle-appsdemo\.git\objects\7c\10fd7a4640398439c3dda1a02191748c1ac080 -> d:\demo\FREEPDB1\APPSDEMO\.git\objects\7c\10fd7a4640398439c3dda1a02191748c1ac080
Moved file: D:\users\ianbo\Documents\Business\Bond-and-Pollard\Admin\IT\source-repository\oracle-appsdemo\.git\objects\7c\39ff9b673ecfca55aa2b77efb3b9c32c9abd4a -> d:\demo\FREEPDB1\APPSDEMO\.git\objects\7c\39ff9b673ecfca55aa2b77efb3b9c32c9abd4a
Moved file: D:\users\ianbo\Documents\Business\Bond-and-Pollard\Admin\IT\source-repository\oracle-appsdemo\.git\objects\7c\a146880d62e4302db417f0356af20685cffc93 -> d:\demo\FREEPDB1\APPSDEMO\.git\objects\7c\a146880d62e4302db417f0356af20685cffc93
Moved file: D:\users\ianbo\Documents\Business\Bond-and-Pollard\Admin\IT\source-repository\oracle-appsdemo\.git\objects\7c\a9bec70cdae3633eee1dce2f791ac9c55fecf0 -> d:\demo\FREEPDB1\APPSDEMO\.git\objects\7c\a9bec70cdae3633eee1dce2f791ac9c55fecf0
Moved file: D:\users\ianbo\Documents\Business\Bond-and-Pollard\Admin\IT\source-repository\oracle-appsdemo\.git\objects\7d\67a9c822d04166128a3cde9ae853dad1b51490 -> d:\demo\FREEPDB1\APPSDEMO\.git\objects\7d\67a9c822d04166128a3cde9ae853dad1b51490
Moved file: D:\users\ianbo\Documents\Business\Bond-and-Pollard\Admin\IT\source-repository\oracle-appsdemo\.git\objects\7d\7e3ad360454c0dc4023f009a158febc92a319f -> d:\demo\FREEPDB1\APPSDEMO\.git\objects\7d\7e3ad360454c0dc4023f009a158febc92a319f
Moved file: D:\users\ianbo\Documents\Business\Bond-and-Pollard\Admin\IT\source-repository\oracle-appsdemo\.git\objects\7d\9d744cd4125110da80b2da729f1fc0b8b4f62c -> d:\demo\FREEPDB1\APPSDEMO\.git\objects\7d\9d744cd4125110da80b2da729f1fc0b8b4f62c
Moved file: D:\users\ianbo\Documents\Business\Bond-and-Pollard\Admin\IT\source-repository\oracle-appsdemo\.git\objects\7d\9e75a8eafb868141ab112b1040c4528e2f27a9 -> d:\demo\FREEPDB1\APPSDEMO\.git\objects\7d\9e75a8eafb868141ab112b1040c4528e2f27a9
Moved file: D:\users\ianbo\Documents\Business\Bond-and-Pollard\Admin\IT\source-repository\oracle-appsdemo\.git\objects\7d\eeb2793c32d8666abb75289e510c0d6ae53f20 -> d:\demo\FREEPDB1\APPSDEMO\.git\objects\7d\eeb2793c32d8666abb75289e510c0d6ae53f20
Moved file: D:\users\ianbo\Documents\Business\Bond-and-Pollard\Admin\IT\source-repository\oracle-appsdemo\.git\objects\7e\307abe141839cf1054cfc45b06378fa506eb0d -> d:\demo\FREEPDB1\APPSDEMO\.git\objects\7e\307abe141839cf1054cfc45b06378fa506eb0d
Moved file: D:\users\ianbo\Documents\Business\Bond-and-Pollard\Admin\IT\source-repository\oracle-appsdemo\.git\objects\7e\a5df087a409eba7401b41ff0f3d94ea0fcc3ce -> d:\demo\FREEPDB1\APPSDEMO\.git\objects\7e\a5df087a409eba7401b41ff0f3d94ea0fcc3ce
Moved file: D:\users\ianbo\Documents\Business\Bond-and-Pollard\Admin\IT\source-repository\oracle-appsdemo\.git\objects\7e\c44389b4c08f23a30a86cf40106f120c6f9845 -> d:\demo\FREEPDB1\APPSDEMO\.git\objects\7e\c44389b4c08f23a30a86cf40106f120c6f9845
Moved file: D:\users\ianbo\Documents\Business\Bond-and-Pollard\Admin\IT\source-repository\oracle-appsdemo\.git\objects\7e\c512755d701691deeb85354750d5c659ccfe45 -> d:\demo\FREEPDB1\APPSDEMO\.git\objects\7e\c512755d701691deeb85354750d5c659ccfe45
Moved file: D:\users\ianbo\Documents\Business\Bond-and-Pollard\Admin\IT\source-repository\oracle-appsdemo\.git\objects\7e\cd821ae5dc230098506be1e1e88282efe292d8 -> d:\demo\FREEPDB1\APPSDEMO\.git\objects\7e\cd821ae5dc230098506be1e1e88282efe292d8
Moved file: D:\users\ianbo\Documents\Business\Bond-and-Pollard\Admin\IT\source-repository\oracle-appsdemo\.git\objects\7f\24f655ae478fa4f56d9f4e157328434b03103d -> d:\demo\FREEPDB1\APPSDEMO\.git\objects\7f\24f655ae478fa4f56d9f4e157328434b03103d
Moved file: D:\users\ianbo\Documents\Business\Bond-and-Pollard\Admin\IT\source-repository\oracle-appsdemo\.git\objects\7f\3f5b341c7dd181d48e905f1e2edfdca4063b81 -> d:\demo\FREEPDB1\APPSDEMO\.git\objects\7f\3f5b341c7dd181d48e905f1e2edfdca4063b81
Moved file: D:\users\ianbo\Documents\Business\Bond-and-Pollard\Admin\IT\source-repository\oracle-appsdemo\.git\objects\7f\72a6983461f8c80256a4e15689e2741e97a2b7 -> d:\demo\FREEPDB1\APPSDEMO\.git\objects\7f\72a6983461f8c80256a4e15689e2741e97a2b7
Moved file: D:\users\ianbo\Documents\Business\Bond-and-Pollard\Admin\IT\source-repository\oracle-appsdemo\.git\objects\80\3e60ca90a6298df3b2354e3c9273cff92445bd -> d:\demo\FREEPDB1\APPSDEMO\.git\objects\80\3e60ca90a6298df3b2354e3c9273cff92445bd
Moved file: D:\users\ianbo\Documents\Business\Bond-and-Pollard\Admin\IT\source-repository\oracle-appsdemo\.git\objects\80\4d2494324ed0ada0462339f74c1b5150194725 -> d:\demo\FREEPDB1\APPSDEMO\.git\objects\80\4d2494324ed0ada0462339f74c1b5150194725
Moved file: D:\users\ianbo\Documents\Business\Bond-and-Pollard\Admin\IT\source-repository\oracle-appsdemo\.git\objects\80\8d68bb8e7d19524bdd18e56b3c6f17da1f6a5e -> d:\demo\FREEPDB1\APPSDEMO\.git\objects\80\8d68bb8e7d19524bdd18e56b3c6f17da1f6a5e
Moved file: D:\users\ianbo\Documents\Business\Bond-and-Pollard\Admin\IT\source-repository\oracle-appsdemo\.git\objects\80\97e50c29c0162c543b689f9f544275817d2531 -> d:\demo\FREEPDB1\APPSDEMO\.git\objects\80\97e50c29c0162c543b689f9f544275817d2531
Moved file: D:\users\ianbo\Documents\Business\Bond-and-Pollard\Admin\IT\source-repository\oracle-appsdemo\.git\objects\81\a4ac1a060d7e0b7864641b9c605f286eef90cf -> d:\demo\FREEPDB1\APPSDEMO\.git\objects\81\a4ac1a060d7e0b7864641b9c605f286eef90cf
Moved file: D:\users\ianbo\Documents\Business\Bond-and-Pollard\Admin\IT\source-repository\oracle-appsdemo\.git\objects\82\40f2d7f823ce9f9e979a354504fa6b7a1f415b -> d:\demo\FREEPDB1\APPSDEMO\.git\objects\82\40f2d7f823ce9f9e979a354504fa6b7a1f415b
Moved file: D:\users\ianbo\Documents\Business\Bond-and-Pollard\Admin\IT\source-repository\oracle-appsdemo\.git\objects\82\a469a7599167dd33bf42a0df51970a90852cf2 -> d:\demo\FREEPDB1\APPSDEMO\.git\objects\82\a469a7599167dd33bf42a0df51970a90852cf2
Moved file: D:\users\ianbo\Documents\Business\Bond-and-Pollard\Admin\IT\source-repository\oracle-appsdemo\.git\objects\84\704a5c155134df2c4cee300575fb7c86bb79c5 -> d:\demo\FREEPDB1\APPSDEMO\.git\objects\84\704a5c155134df2c4cee300575fb7c86bb79c5
Moved file: D:\users\ianbo\Documents\Business\Bond-and-Pollard\Admin\IT\source-repository\oracle-appsdemo\.git\objects\85\0e24eec11bdf26abe8fec2e050a671d14b8820 -> d:\demo\FREEPDB1\APPSDEMO\.git\objects\85\0e24eec11bdf26abe8fec2e050a671d14b8820
Moved file: D:\users\ianbo\Documents\Business\Bond-and-Pollard\Admin\IT\source-repository\oracle-appsdemo\.git\objects\85\255d3fae13d7157e4fb1040b7ef7b372355613 -> d:\demo\FREEPDB1\APPSDEMO\.git\objects\85\255d3fae13d7157e4fb1040b7ef7b372355613
Moved file: D:\users\ianbo\Documents\Business\Bond-and-Pollard\Admin\IT\source-repository\oracle-appsdemo\.git\objects\85\654e9a2851a66830a759f509d0bb8ded1ce65b -> d:\demo\FREEPDB1\APPSDEMO\.git\objects\85\654e9a2851a66830a759f509d0bb8ded1ce65b
Moved file: D:\users\ianbo\Documents\Business\Bond-and-Pollard\Admin\IT\source-repository\oracle-appsdemo\.git\objects\87\341be8d17a01565d6abd4b5523dbed84c58eef -> d:\demo\FREEPDB1\APPSDEMO\.git\objects\87\341be8d17a01565d6abd4b5523dbed84c58eef
Moved file: D:\users\ianbo\Documents\Business\Bond-and-Pollard\Admin\IT\source-repository\oracle-appsdemo\.git\objects\87\4549935b2b771fcf600a326a9cf6dccaff7a61 -> d:\demo\FREEPDB1\APPSDEMO\.git\objects\87\4549935b2b771fcf600a326a9cf6dccaff7a61
Moved file: D:\users\ianbo\Documents\Business\Bond-and-Pollard\Admin\IT\source-repository\oracle-appsdemo\.git\objects\87\67c96b4a357bee7f09046067e64c2db9039571 -> d:\demo\FREEPDB1\APPSDEMO\.git\objects\87\67c96b4a357bee7f09046067e64c2db9039571
Moved file: D:\users\ianbo\Documents\Business\Bond-and-Pollard\Admin\IT\source-repository\oracle-appsdemo\.git\objects\87\765839987b0115d53aa803e201b4d4a6b1e337 -> d:\demo\FREEPDB1\APPSDEMO\.git\objects\87\765839987b0115d53aa803e201b4d4a6b1e337
Moved file: D:\users\ianbo\Documents\Business\Bond-and-Pollard\Admin\IT\source-repository\oracle-appsdemo\.git\objects\88\288e0447f5a698ee7dd5dfc924e43946d97ed8 -> d:\demo\FREEPDB1\APPSDEMO\.git\objects\88\288e0447f5a698ee7dd5dfc924e43946d97ed8
Moved file: D:\users\ianbo\Documents\Business\Bond-and-Pollard\Admin\IT\source-repository\oracle-appsdemo\.git\objects\88\c9b2c513bfc5b702ae8472bd98ceca0d2fddfb -> d:\demo\FREEPDB1\APPSDEMO\.git\objects\88\c9b2c513bfc5b702ae8472bd98ceca0d2fddfb
Moved file: D:\users\ianbo\Documents\Business\Bond-and-Pollard\Admin\IT\source-repository\oracle-appsdemo\.git\objects\89\16732b6fe1114c73e5930a09bb7be740b700b1 -> d:\demo\FREEPDB1\APPSDEMO\.git\objects\89\16732b6fe1114c73e5930a09bb7be740b700b1
Moved file: D:\users\ianbo\Documents\Business\Bond-and-Pollard\Admin\IT\source-repository\oracle-appsdemo\.git\objects\8a\067c4fb9cb9716e58b919e9436bbbdae523259 -> d:\demo\FREEPDB1\APPSDEMO\.git\objects\8a\067c4fb9cb9716e58b919e9436bbbdae523259
Moved file: D:\users\ianbo\Documents\Business\Bond-and-Pollard\Admin\IT\source-repository\oracle-appsdemo\.git\objects\8a\98dd3a0b089064a60f468cfcf8bf0066944ec1 -> d:\demo\FREEPDB1\APPSDEMO\.git\objects\8a\98dd3a0b089064a60f468cfcf8bf0066944ec1
Moved file: D:\users\ianbo\Documents\Business\Bond-and-Pollard\Admin\IT\source-repository\oracle-appsdemo\.git\objects\8a\edf80da695bf49a52b0579ea852d23c1a14957 -> d:\demo\FREEPDB1\APPSDEMO\.git\objects\8a\edf80da695bf49a52b0579ea852d23c1a14957
Moved file: D:\users\ianbo\Documents\Business\Bond-and-Pollard\Admin\IT\source-repository\oracle-appsdemo\.git\objects\8a\f2ce89ea063b0ba4d4c7cfb54c60e86d71b95d -> d:\demo\FREEPDB1\APPSDEMO\.git\objects\8a\f2ce89ea063b0ba4d4c7cfb54c60e86d71b95d
Moved file: D:\users\ianbo\Documents\Business\Bond-and-Pollard\Admin\IT\source-repository\oracle-appsdemo\.git\objects\8b\137891791fe96927ad78e64b0aad7bded08bdc -> d:\demo\FREEPDB1\APPSDEMO\.git\objects\8b\137891791fe96927ad78e64b0aad7bded08bdc
Moved file: D:\users\ianbo\Documents\Business\Bond-and-Pollard\Admin\IT\source-repository\oracle-appsdemo\.git\objects\8b\3a7f78c57a03631bdd674bc7341897372a791a -> d:\demo\FREEPDB1\APPSDEMO\.git\objects\8b\3a7f78c57a03631bdd674bc7341897372a791a
Moved file: D:\users\ianbo\Documents\Business\Bond-and-Pollard\Admin\IT\source-repository\oracle-appsdemo\.git\objects\8b\da254fd49e0f4ddb9d35a3008db9403fa52536 -> d:\demo\FREEPDB1\APPSDEMO\.git\objects\8b\da254fd49e0f4ddb9d35a3008db9403fa52536
Moved file: D:\users\ianbo\Documents\Business\Bond-and-Pollard\Admin\IT\source-repository\oracle-appsdemo\.git\objects\8c\4300d7e047685c82537a33bc33791a74d7b219 -> d:\demo\FREEPDB1\APPSDEMO\.git\objects\8c\4300d7e047685c82537a33bc33791a74d7b219
Moved file: D:\users\ianbo\Documents\Business\Bond-and-Pollard\Admin\IT\source-repository\oracle-appsdemo\.git\objects\8c\5ce0f035a3cac7be1ee313fb90b585b8959335 -> d:\demo\FREEPDB1\APPSDEMO\.git\objects\8c\5ce0f035a3cac7be1ee313fb90b585b8959335
Moved file: D:\users\ianbo\Documents\Business\Bond-and-Pollard\Admin\IT\source-repository\oracle-appsdemo\.git\objects\8c\7a5b5bdb538976e76e8552445403d21e76dc06 -> d:\demo\FREEPDB1\APPSDEMO\.git\objects\8c\7a5b5bdb538976e76e8552445403d21e76dc06
Moved file: D:\users\ianbo\Documents\Business\Bond-and-Pollard\Admin\IT\source-repository\oracle-appsdemo\.git\objects\8c\d2155764e6534f2d0272ece0ce1d6ba8b22b55 -> d:\demo\FREEPDB1\APPSDEMO\.git\objects\8c\d2155764e6534f2d0272ece0ce1d6ba8b22b55
Moved file: D:\users\ianbo\Documents\Business\Bond-and-Pollard\Admin\IT\source-repository\oracle-appsdemo\.git\objects\8d\85b9b4d4626b5e03de0eaa21a43c5a4ac25fd4 -> d:\demo\FREEPDB1\APPSDEMO\.git\objects\8d\85b9b4d4626b5e03de0eaa21a43c5a4ac25fd4
Moved file: D:\users\ianbo\Documents\Business\Bond-and-Pollard\Admin\IT\source-repository\oracle-appsdemo\.git\objects\8d\85f9ca6a5b6cc64c5c911ab9f5fde44338d096 -> d:\demo\FREEPDB1\APPSDEMO\.git\objects\8d\85f9ca6a5b6cc64c5c911ab9f5fde44338d096
Moved file: D:\users\ianbo\Documents\Business\Bond-and-Pollard\Admin\IT\source-repository\oracle-appsdemo\.git\objects\8d\8ef0bfdd89dd5e3783f165ddb02687c2007ed3 -> d:\demo\FREEPDB1\APPSDEMO\.git\objects\8d\8ef0bfdd89dd5e3783f165ddb02687c2007ed3
Moved file: D:\users\ianbo\Documents\Business\Bond-and-Pollard\Admin\IT\source-repository\oracle-appsdemo\.git\objects\8d\d654a7c64fc722bf995d9cb7681c444b62f588 -> d:\demo\FREEPDB1\APPSDEMO\.git\objects\8d\d654a7c64fc722bf995d9cb7681c444b62f588
Moved file: D:\users\ianbo\Documents\Business\Bond-and-Pollard\Admin\IT\source-repository\oracle-appsdemo\.git\objects\8e\13e1a0318e7ec9757e8e3fd22292478f0b2a80 -> d:\demo\FREEPDB1\APPSDEMO\.git\objects\8e\13e1a0318e7ec9757e8e3fd22292478f0b2a80
Moved file: D:\users\ianbo\Documents\Business\Bond-and-Pollard\Admin\IT\source-repository\oracle-appsdemo\.git\objects\8e\530f4456a20975d5266ecfd6c0e845a788a41d -> d:\demo\FREEPDB1\APPSDEMO\.git\objects\8e\530f4456a20975d5266ecfd6c0e845a788a41d
Moved file: D:\users\ianbo\Documents\Business\Bond-and-Pollard\Admin\IT\source-repository\oracle-appsdemo\.git\objects\8e\ff07047f1a02934aa926adeb4d357bffb9126a -> d:\demo\FREEPDB1\APPSDEMO\.git\objects\8e\ff07047f1a02934aa926adeb4d357bffb9126a
Moved file: D:\users\ianbo\Documents\Business\Bond-and-Pollard\Admin\IT\source-repository\oracle-appsdemo\.git\objects\8f\13f7379ebab4b5fb6db37872a8996ec7d4f51d -> d:\demo\FREEPDB1\APPSDEMO\.git\objects\8f\13f7379ebab4b5fb6db37872a8996ec7d4f51d
Moved file: D:\users\ianbo\Documents\Business\Bond-and-Pollard\Admin\IT\source-repository\oracle-appsdemo\.git\objects\8f\419a6b4c8f89552fa63805990db6a445b03828 -> d:\demo\FREEPDB1\APPSDEMO\.git\objects\8f\419a6b4c8f89552fa63805990db6a445b03828
Moved file: D:\users\ianbo\Documents\Business\Bond-and-Pollard\Admin\IT\source-repository\oracle-appsdemo\.git\objects\8f\4a1440a426a50917385b7348b801182c9de012 -> d:\demo\FREEPDB1\APPSDEMO\.git\objects\8f\4a1440a426a50917385b7348b801182c9de012
Moved file: D:\users\ianbo\Documents\Business\Bond-and-Pollard\Admin\IT\source-repository\oracle-appsdemo\.git\objects\90\2fcfe828cd4d56f4184c05faf62d7528dd0a27 -> d:\demo\FREEPDB1\APPSDEMO\.git\objects\90\2fcfe828cd4d56f4184c05faf62d7528dd0a27
Moved file: D:\users\ianbo\Documents\Business\Bond-and-Pollard\Admin\IT\source-repository\oracle-appsdemo\.git\objects\90\3ceb2b11ed1b736f48b4be05efd8b092f9b9c0 -> d:\demo\FREEPDB1\APPSDEMO\.git\objects\90\3ceb2b11ed1b736f48b4be05efd8b092f9b9c0
Moved file: D:\users\ianbo\Documents\Business\Bond-and-Pollard\Admin\IT\source-repository\oracle-appsdemo\.git\objects\90\57ae51fc277d4f82c19e04f6dffe904e567c15 -> d:\demo\FREEPDB1\APPSDEMO\.git\objects\90\57ae51fc277d4f82c19e04f6dffe904e567c15
Moved file: D:\users\ianbo\Documents\Business\Bond-and-Pollard\Admin\IT\source-repository\oracle-appsdemo\.git\objects\90\893e4215804af0fbd61c40bf8ad5e6f88e7411 -> d:\demo\FREEPDB1\APPSDEMO\.git\objects\90\893e4215804af0fbd61c40bf8ad5e6f88e7411
Moved file: D:\users\ianbo\Documents\Business\Bond-and-Pollard\Admin\IT\source-repository\oracle-appsdemo\.git\objects\90\aa0685e184d022b1b69cd5e6fa7c733d29bd8b -> d:\demo\FREEPDB1\APPSDEMO\.git\objects\90\aa0685e184d022b1b69cd5e6fa7c733d29bd8b
Moved file: D:\users\ianbo\Documents\Business\Bond-and-Pollard\Admin\IT\source-repository\oracle-appsdemo\.git\objects\91\39a1107de33c7979eba8f1a84700baa9fa9f8f -> d:\demo\FREEPDB1\APPSDEMO\.git\objects\91\39a1107de33c7979eba8f1a84700baa9fa9f8f
Moved file: D:\users\ianbo\Documents\Business\Bond-and-Pollard\Admin\IT\source-repository\oracle-appsdemo\.git\objects\91\458a6f35c1e0008238df18b3ea2cad303184a1 -> d:\demo\FREEPDB1\APPSDEMO\.git\objects\91\458a6f35c1e0008238df18b3ea2cad303184a1
Moved file: D:\users\ianbo\Documents\Business\Bond-and-Pollard\Admin\IT\source-repository\oracle-appsdemo\.git\objects\91\63eab59e5cc6632732352ff3bb30b77be73ca2 -> d:\demo\FREEPDB1\APPSDEMO\.git\objects\91\63eab59e5cc6632732352ff3bb30b77be73ca2
Moved file: D:\users\ianbo\Documents\Business\Bond-and-Pollard\Admin\IT\source-repository\oracle-appsdemo\.git\objects\91\ae15aafb3160f80bedb0fbd6c22a176e874617 -> d:\demo\FREEPDB1\APPSDEMO\.git\objects\91\ae15aafb3160f80bedb0fbd6c22a176e874617
Moved file: D:\users\ianbo\Documents\Business\Bond-and-Pollard\Admin\IT\source-repository\oracle-appsdemo\.git\objects\93\d295cd6c50987c5ff6bdc12054a10074ca3a26 -> d:\demo\FREEPDB1\APPSDEMO\.git\objects\93\d295cd6c50987c5ff6bdc12054a10074ca3a26
Moved file: D:\users\ianbo\Documents\Business\Bond-and-Pollard\Admin\IT\source-repository\oracle-appsdemo\.git\objects\94\0138f3acb75e522c7e86ac388dfb97b32c9eff -> d:\demo\FREEPDB1\APPSDEMO\.git\objects\94\0138f3acb75e522c7e86ac388dfb97b32c9eff
Moved file: D:\users\ianbo\Documents\Business\Bond-and-Pollard\Admin\IT\source-repository\oracle-appsdemo\.git\objects\94\89d160118cd36352e582e53d0703c9b7a3ec0d -> d:\demo\FREEPDB1\APPSDEMO\.git\objects\94\89d160118cd36352e582e53d0703c9b7a3ec0d
Moved file: D:\users\ianbo\Documents\Business\Bond-and-Pollard\Admin\IT\source-repository\oracle-appsdemo\.git\objects\94\ea4ef08cd626cb1591e8dd4a2454acaf4c746d -> d:\demo\FREEPDB1\APPSDEMO\.git\objects\94\ea4ef08cd626cb1591e8dd4a2454acaf4c746d
Moved file: D:\users\ianbo\Documents\Business\Bond-and-Pollard\Admin\IT\source-repository\oracle-appsdemo\.git\objects\95\821d6502c5bf23cac9b4f5f8b906f7eaf04c82 -> d:\demo\FREEPDB1\APPSDEMO\.git\objects\95\821d6502c5bf23cac9b4f5f8b906f7eaf04c82
Moved file: D:\users\ianbo\Documents\Business\Bond-and-Pollard\Admin\IT\source-repository\oracle-appsdemo\.git\objects\95\c48b0a291b6d8fa0b2f8d6034c00dca8464609 -> d:\demo\FREEPDB1\APPSDEMO\.git\objects\95\c48b0a291b6d8fa0b2f8d6034c00dca8464609
Moved file: D:\users\ianbo\Documents\Business\Bond-and-Pollard\Admin\IT\source-repository\oracle-appsdemo\.git\objects\96\51834025a037332a39c399f4ae0546daa30010 -> d:\demo\FREEPDB1\APPSDEMO\.git\objects\96\51834025a037332a39c399f4ae0546daa30010
Moved file: D:\users\ianbo\Documents\Business\Bond-and-Pollard\Admin\IT\source-repository\oracle-appsdemo\.git\objects\97\145af3741291db47bb5acb45228957a16db8c7 -> d:\demo\FREEPDB1\APPSDEMO\.git\objects\97\145af3741291db47bb5acb45228957a16db8c7
Moved file: D:\users\ianbo\Documents\Business\Bond-and-Pollard\Admin\IT\source-repository\oracle-appsdemo\.git\objects\97\c3d78ae915e20d4d84a05e6ae8d11f25af0ee1 -> d:\demo\FREEPDB1\APPSDEMO\.git\objects\97\c3d78ae915e20d4d84a05e6ae8d11f25af0ee1
Moved file: D:\users\ianbo\Documents\Business\Bond-and-Pollard\Admin\IT\source-repository\oracle-appsdemo\.git\objects\97\fb9ecbe702c2d881df31d9a3e9e01ba2c2627d -> d:\demo\FREEPDB1\APPSDEMO\.git\objects\97\fb9ecbe702c2d881df31d9a3e9e01ba2c2627d
Moved file: D:\users\ianbo\Documents\Business\Bond-and-Pollard\Admin\IT\source-repository\oracle-appsdemo\.git\objects\98\06d980e899989bac047857562bd747c1627032 -> d:\demo\FREEPDB1\APPSDEMO\.git\objects\98\06d980e899989bac047857562bd747c1627032
Moved file: D:\users\ianbo\Documents\Business\Bond-and-Pollard\Admin\IT\source-repository\oracle-appsdemo\.git\objects\98\5f2030622856789c5b3d2b203b10af1b4ceb5b -> d:\demo\FREEPDB1\APPSDEMO\.git\objects\98\5f2030622856789c5b3d2b203b10af1b4ceb5b
Moved file: D:\users\ianbo\Documents\Business\Bond-and-Pollard\Admin\IT\source-repository\oracle-appsdemo\.git\objects\98\d370b96f82e8a157345dbcf5d72a5b6e43328d -> d:\demo\FREEPDB1\APPSDEMO\.git\objects\98\d370b96f82e8a157345dbcf5d72a5b6e43328d
Moved file: D:\users\ianbo\Documents\Business\Bond-and-Pollard\Admin\IT\source-repository\oracle-appsdemo\.git\objects\99\086806a4bbf864b348aa4567ad5d2dc721b2b1 -> d:\demo\FREEPDB1\APPSDEMO\.git\objects\99\086806a4bbf864b348aa4567ad5d2dc721b2b1
Moved file: D:\users\ianbo\Documents\Business\Bond-and-Pollard\Admin\IT\source-repository\oracle-appsdemo\.git\objects\99\24a20d1a05c05412b4aae0fa3f838c5652ae8c -> d:\demo\FREEPDB1\APPSDEMO\.git\objects\99\24a20d1a05c05412b4aae0fa3f838c5652ae8c
Moved file: D:\users\ianbo\Documents\Business\Bond-and-Pollard\Admin\IT\source-repository\oracle-appsdemo\.git\objects\99\78e9459043cf7f684feb1d82f6612236f479be -> d:\demo\FREEPDB1\APPSDEMO\.git\objects\99\78e9459043cf7f684feb1d82f6612236f479be
Moved file: D:\users\ianbo\Documents\Business\Bond-and-Pollard\Admin\IT\source-repository\oracle-appsdemo\.git\objects\9a\8e196493be08a5a1829a63fa3af98c9ac919dd -> d:\demo\FREEPDB1\APPSDEMO\.git\objects\9a\8e196493be08a5a1829a63fa3af98c9ac919dd
Moved file: D:\users\ianbo\Documents\Business\Bond-and-Pollard\Admin\IT\source-repository\oracle-appsdemo\.git\objects\9b\002f0d17844096d7e2fe65ffab08dc388db92c -> d:\demo\FREEPDB1\APPSDEMO\.git\objects\9b\002f0d17844096d7e2fe65ffab08dc388db92c
Moved file: D:\users\ianbo\Documents\Business\Bond-and-Pollard\Admin\IT\source-repository\oracle-appsdemo\.git\objects\9b\37dbfbf68baf6f6a9b39c48ed75580557ee813 -> d:\demo\FREEPDB1\APPSDEMO\.git\objects\9b\37dbfbf68baf6f6a9b39c48ed75580557ee813
Moved file: D:\users\ianbo\Documents\Business\Bond-and-Pollard\Admin\IT\source-repository\oracle-appsdemo\.git\objects\9b\909f1fcf7fba767ce05cf27544d6607d285270 -> d:\demo\FREEPDB1\APPSDEMO\.git\objects\9b\909f1fcf7fba767ce05cf27544d6607d285270
Moved file: D:\users\ianbo\Documents\Business\Bond-and-Pollard\Admin\IT\source-repository\oracle-appsdemo\.git\objects\9b\9e83338eb35d3eee2ed86ed046400b3247b838 -> d:\demo\FREEPDB1\APPSDEMO\.git\objects\9b\9e83338eb35d3eee2ed86ed046400b3247b838
Moved file: D:\users\ianbo\Documents\Business\Bond-and-Pollard\Admin\IT\source-repository\oracle-appsdemo\.git\objects\9b\cb5a16dd7fb58015d900d11696b437be04717c -> d:\demo\FREEPDB1\APPSDEMO\.git\objects\9b\cb5a16dd7fb58015d900d11696b437be04717c
Moved file: D:\users\ianbo\Documents\Business\Bond-and-Pollard\Admin\IT\source-repository\oracle-appsdemo\.git\objects\9c\033e41039a59c172ad45b7a20ad2064c387730 -> d:\demo\FREEPDB1\APPSDEMO\.git\objects\9c\033e41039a59c172ad45b7a20ad2064c387730
Moved file: D:\users\ianbo\Documents\Business\Bond-and-Pollard\Admin\IT\source-repository\oracle-appsdemo\.git\objects\9c\33638bc05874b6908a1c6b47e888b10e9ad400 -> d:\demo\FREEPDB1\APPSDEMO\.git\objects\9c\33638bc05874b6908a1c6b47e888b10e9ad400
Moved file: D:\users\ianbo\Documents\Business\Bond-and-Pollard\Admin\IT\source-repository\oracle-appsdemo\.git\objects\9d\1affc59bd659e103d44e9aa1f23edce3574fee -> d:\demo\FREEPDB1\APPSDEMO\.git\objects\9d\1affc59bd659e103d44e9aa1f23edce3574fee
Moved file: D:\users\ianbo\Documents\Business\Bond-and-Pollard\Admin\IT\source-repository\oracle-appsdemo\.git\objects\9d\694fffbb8e028c4609e00af3d3d553985146f8 -> d:\demo\FREEPDB1\APPSDEMO\.git\objects\9d\694fffbb8e028c4609e00af3d3d553985146f8
Moved file: D:\users\ianbo\Documents\Business\Bond-and-Pollard\Admin\IT\source-repository\oracle-appsdemo\.git\objects\9d\9c138dbc7d0d398cba08a50fd704e85b98f522 -> d:\demo\FREEPDB1\APPSDEMO\.git\objects\9d\9c138dbc7d0d398cba08a50fd704e85b98f522
Moved file: D:\users\ianbo\Documents\Business\Bond-and-Pollard\Admin\IT\source-repository\oracle-appsdemo\.git\objects\9e\040151114cbf1ed49f63b710711e8cac465237 -> d:\demo\FREEPDB1\APPSDEMO\.git\objects\9e\040151114cbf1ed49f63b710711e8cac465237
Moved file: D:\users\ianbo\Documents\Business\Bond-and-Pollard\Admin\IT\source-repository\oracle-appsdemo\.git\objects\9e\16eece9531b2e6416bf5db3062675c78dd7cfe -> d:\demo\FREEPDB1\APPSDEMO\.git\objects\9e\16eece9531b2e6416bf5db3062675c78dd7cfe
Moved file: D:\users\ianbo\Documents\Business\Bond-and-Pollard\Admin\IT\source-repository\oracle-appsdemo\.git\objects\9e\513ecab53a47ccd0c6d87ec038ac2a52d5ff9d -> d:\demo\FREEPDB1\APPSDEMO\.git\objects\9e\513ecab53a47ccd0c6d87ec038ac2a52d5ff9d
Moved file: D:\users\ianbo\Documents\Business\Bond-and-Pollard\Admin\IT\source-repository\oracle-appsdemo\.git\objects\9e\b85003f13c36a006f7dd28511e4d0eb1eac4e4 -> d:\demo\FREEPDB1\APPSDEMO\.git\objects\9e\b85003f13c36a006f7dd28511e4d0eb1eac4e4
Moved file: D:\users\ianbo\Documents\Business\Bond-and-Pollard\Admin\IT\source-repository\oracle-appsdemo\.git\objects\9e\c7b49abc8e936863999dc5bfc2768431856c39 -> d:\demo\FREEPDB1\APPSDEMO\.git\objects\9e\c7b49abc8e936863999dc5bfc2768431856c39
Moved file: D:\users\ianbo\Documents\Business\Bond-and-Pollard\Admin\IT\source-repository\oracle-appsdemo\.git\objects\9f\0cab8ad4e03e05fe16d47bf2494282cf9a6dcc -> d:\demo\FREEPDB1\APPSDEMO\.git\objects\9f\0cab8ad4e03e05fe16d47bf2494282cf9a6dcc
Moved file: D:\users\ianbo\Documents\Business\Bond-and-Pollard\Admin\IT\source-repository\oracle-appsdemo\.git\objects\9f\6c6d5efffddff25da209cb1879fc3f25dadce1 -> d:\demo\FREEPDB1\APPSDEMO\.git\objects\9f\6c6d5efffddff25da209cb1879fc3f25dadce1
Moved file: D:\users\ianbo\Documents\Business\Bond-and-Pollard\Admin\IT\source-repository\oracle-appsdemo\.git\objects\9f\7dbf51bb13de2e83505fbf703289625ed5381e -> d:\demo\FREEPDB1\APPSDEMO\.git\objects\9f\7dbf51bb13de2e83505fbf703289625ed5381e
Moved file: D:\users\ianbo\Documents\Business\Bond-and-Pollard\Admin\IT\source-repository\oracle-appsdemo\.git\objects\9f\f38a9d6dff0f2dd2acd8b755238b8611b727ff -> d:\demo\FREEPDB1\APPSDEMO\.git\objects\9f\f38a9d6dff0f2dd2acd8b755238b8611b727ff
Moved file: D:\users\ianbo\Documents\Business\Bond-and-Pollard\Admin\IT\source-repository\oracle-appsdemo\.git\objects\a0\7163e14db41fa28aa8ddffa0edd71e461cfda7 -> d:\demo\FREEPDB1\APPSDEMO\.git\objects\a0\7163e14db41fa28aa8ddffa0edd71e461cfda7
Moved file: D:\users\ianbo\Documents\Business\Bond-and-Pollard\Admin\IT\source-repository\oracle-appsdemo\.git\objects\a1\00f2ab51ecfc10edde4d693856a739c4cfe702 -> d:\demo\FREEPDB1\APPSDEMO\.git\objects\a1\00f2ab51ecfc10edde4d693856a739c4cfe702
Moved file: D:\users\ianbo\Documents\Business\Bond-and-Pollard\Admin\IT\source-repository\oracle-appsdemo\.git\objects\a1\0385d50f072b44b913932b5956b35491daffdd -> d:\demo\FREEPDB1\APPSDEMO\.git\objects\a1\0385d50f072b44b913932b5956b35491daffdd
Moved file: D:\users\ianbo\Documents\Business\Bond-and-Pollard\Admin\IT\source-repository\oracle-appsdemo\.git\objects\a1\186bec40d3b04aa1b8c7b1dc3dd0abdbd96345 -> d:\demo\FREEPDB1\APPSDEMO\.git\objects\a1\186bec40d3b04aa1b8c7b1dc3dd0abdbd96345
Moved file: D:\users\ianbo\Documents\Business\Bond-and-Pollard\Admin\IT\source-repository\oracle-appsdemo\.git\objects\a2\3c7f4e175709ff7209aaa299d662c33730897e -> d:\demo\FREEPDB1\APPSDEMO\.git\objects\a2\3c7f4e175709ff7209aaa299d662c33730897e
Moved file: D:\users\ianbo\Documents\Business\Bond-and-Pollard\Admin\IT\source-repository\oracle-appsdemo\.git\objects\a2\b6490cf811b29461775166df12df7333a87744 -> d:\demo\FREEPDB1\APPSDEMO\.git\objects\a2\b6490cf811b29461775166df12df7333a87744
Moved file: D:\users\ianbo\Documents\Business\Bond-and-Pollard\Admin\IT\source-repository\oracle-appsdemo\.git\objects\a3\01c8109a74425472f21032652a0ccce5b02cfc -> d:\demo\FREEPDB1\APPSDEMO\.git\objects\a3\01c8109a74425472f21032652a0ccce5b02cfc
Moved file: D:\users\ianbo\Documents\Business\Bond-and-Pollard\Admin\IT\source-repository\oracle-appsdemo\.git\objects\a3\032865befb29ea9ea5606a900ea2de2f9145b2 -> d:\demo\FREEPDB1\APPSDEMO\.git\objects\a3\032865befb29ea9ea5606a900ea2de2f9145b2
Moved file: D:\users\ianbo\Documents\Business\Bond-and-Pollard\Admin\IT\source-repository\oracle-appsdemo\.git\objects\a3\04bc7c5af87b4a09707caa90952c60c66a5ab6 -> d:\demo\FREEPDB1\APPSDEMO\.git\objects\a3\04bc7c5af87b4a09707caa90952c60c66a5ab6
Moved file: D:\users\ianbo\Documents\Business\Bond-and-Pollard\Admin\IT\source-repository\oracle-appsdemo\.git\objects\a3\254ae2bc078c28a3df91f3c8d24e4f902763e3 -> d:\demo\FREEPDB1\APPSDEMO\.git\objects\a3\254ae2bc078c28a3df91f3c8d24e4f902763e3
Moved file: D:\users\ianbo\Documents\Business\Bond-and-Pollard\Admin\IT\source-repository\oracle-appsdemo\.git\objects\a3\7bd5414ba9600942dd1a4bf480310a7ecb7867 -> d:\demo\FREEPDB1\APPSDEMO\.git\objects\a3\7bd5414ba9600942dd1a4bf480310a7ecb7867
Moved file: D:\users\ianbo\Documents\Business\Bond-and-Pollard\Admin\IT\source-repository\oracle-appsdemo\.git\objects\a3\87f620227c82b4c339e255095afbab285f5fe9 -> d:\demo\FREEPDB1\APPSDEMO\.git\objects\a3\87f620227c82b4c339e255095afbab285f5fe9
Moved file: D:\users\ianbo\Documents\Business\Bond-and-Pollard\Admin\IT\source-repository\oracle-appsdemo\.git\objects\a4\e09c831c9385d4bdd03df3faa3853629db9b0c -> d:\demo\FREEPDB1\APPSDEMO\.git\objects\a4\e09c831c9385d4bdd03df3faa3853629db9b0c
Moved file: D:\users\ianbo\Documents\Business\Bond-and-Pollard\Admin\IT\source-repository\oracle-appsdemo\.git\objects\a4\f755c02dc0222be18fb4c1d926e1ed10b958dc -> d:\demo\FREEPDB1\APPSDEMO\.git\objects\a4\f755c02dc0222be18fb4c1d926e1ed10b958dc
Moved file: D:\users\ianbo\Documents\Business\Bond-and-Pollard\Admin\IT\source-repository\oracle-appsdemo\.git\objects\a5\06e8770f0c4e9e9a3fe7a30461b3dbefb09ab2 -> d:\demo\FREEPDB1\APPSDEMO\.git\objects\a5\06e8770f0c4e9e9a3fe7a30461b3dbefb09ab2
Moved file: D:\users\ianbo\Documents\Business\Bond-and-Pollard\Admin\IT\source-repository\oracle-appsdemo\.git\objects\a5\8aae2bf52bab1b1623d8171404b78bd1b09fb6 -> d:\demo\FREEPDB1\APPSDEMO\.git\objects\a5\8aae2bf52bab1b1623d8171404b78bd1b09fb6
Moved file: D:\users\ianbo\Documents\Business\Bond-and-Pollard\Admin\IT\source-repository\oracle-appsdemo\.git\objects\a5\90910a670094533532b1850a9520c881b4eb16 -> d:\demo\FREEPDB1\APPSDEMO\.git\objects\a5\90910a670094533532b1850a9520c881b4eb16
Moved file: D:\users\ianbo\Documents\Business\Bond-and-Pollard\Admin\IT\source-repository\oracle-appsdemo\.git\objects\a6\33a8c722f514f0d3dc9dd7fa2e8dac20e58559 -> d:\demo\FREEPDB1\APPSDEMO\.git\objects\a6\33a8c722f514f0d3dc9dd7fa2e8dac20e58559
Moved file: D:\users\ianbo\Documents\Business\Bond-and-Pollard\Admin\IT\source-repository\oracle-appsdemo\.git\objects\a6\d199cef53e588742f3118a9d7072410cbb2b4c -> d:\demo\FREEPDB1\APPSDEMO\.git\objects\a6\d199cef53e588742f3118a9d7072410cbb2b4c
Moved file: D:\users\ianbo\Documents\Business\Bond-and-Pollard\Admin\IT\source-repository\oracle-appsdemo\.git\objects\a6\df2cd1ba0904479186bf960e21e48058341cc7 -> d:\demo\FREEPDB1\APPSDEMO\.git\objects\a6\df2cd1ba0904479186bf960e21e48058341cc7
Moved file: D:\users\ianbo\Documents\Business\Bond-and-Pollard\Admin\IT\source-repository\oracle-appsdemo\.git\objects\a8\9c9e65471840f5ffb895f651de31c19fa5cc90 -> d:\demo\FREEPDB1\APPSDEMO\.git\objects\a8\9c9e65471840f5ffb895f651de31c19fa5cc90
Moved file: D:\users\ianbo\Documents\Business\Bond-and-Pollard\Admin\IT\source-repository\oracle-appsdemo\.git\objects\a8\d17bb0b5c82ab1efa405bb0b67ba861bfc4180 -> d:\demo\FREEPDB1\APPSDEMO\.git\objects\a8\d17bb0b5c82ab1efa405bb0b67ba861bfc4180
Moved file: D:\users\ianbo\Documents\Business\Bond-and-Pollard\Admin\IT\source-repository\oracle-appsdemo\.git\objects\a9\5333133b77964beb70eac79ecddc14c73c80e0 -> d:\demo\FREEPDB1\APPSDEMO\.git\objects\a9\5333133b77964beb70eac79ecddc14c73c80e0
Moved file: D:\users\ianbo\Documents\Business\Bond-and-Pollard\Admin\IT\source-repository\oracle-appsdemo\.git\objects\a9\c9710c77a6a6d685faa3dbe05845269e59ce7b -> d:\demo\FREEPDB1\APPSDEMO\.git\objects\a9\c9710c77a6a6d685faa3dbe05845269e59ce7b
Moved file: D:\users\ianbo\Documents\Business\Bond-and-Pollard\Admin\IT\source-repository\oracle-appsdemo\.git\objects\ab\2504eacaaa1dac8cda433cd0ff00255c49bf03 -> d:\demo\FREEPDB1\APPSDEMO\.git\objects\ab\2504eacaaa1dac8cda433cd0ff00255c49bf03
Moved file: D:\users\ianbo\Documents\Business\Bond-and-Pollard\Admin\IT\source-repository\oracle-appsdemo\.git\objects\ab\4e6a58d944f75b3d4ddb57ffa3239e11ba751e -> d:\demo\FREEPDB1\APPSDEMO\.git\objects\ab\4e6a58d944f75b3d4ddb57ffa3239e11ba751e
Moved file: D:\users\ianbo\Documents\Business\Bond-and-Pollard\Admin\IT\source-repository\oracle-appsdemo\.git\objects\ab\9bc0945b1abba60cfc1f4edb94d9fb53c546f3 -> d:\demo\FREEPDB1\APPSDEMO\.git\objects\ab\9bc0945b1abba60cfc1f4edb94d9fb53c546f3
Moved file: D:\users\ianbo\Documents\Business\Bond-and-Pollard\Admin\IT\source-repository\oracle-appsdemo\.git\objects\ac\0fd1bec607806c56e3a2694045837444fe5a88 -> d:\demo\FREEPDB1\APPSDEMO\.git\objects\ac\0fd1bec607806c56e3a2694045837444fe5a88
Moved file: D:\users\ianbo\Documents\Business\Bond-and-Pollard\Admin\IT\source-repository\oracle-appsdemo\.git\objects\ac\c6a0ff0264279965ac926cabec810fb422d35f -> d:\demo\FREEPDB1\APPSDEMO\.git\objects\ac\c6a0ff0264279965ac926cabec810fb422d35f
Moved file: D:\users\ianbo\Documents\Business\Bond-and-Pollard\Admin\IT\source-repository\oracle-appsdemo\.git\objects\ac\fc39f62721a04219ab80bcbd43583e967770d6 -> d:\demo\FREEPDB1\APPSDEMO\.git\objects\ac\fc39f62721a04219ab80bcbd43583e967770d6
Moved file: D:\users\ianbo\Documents\Business\Bond-and-Pollard\Admin\IT\source-repository\oracle-appsdemo\.git\objects\ad\00bf7cadd9ebe66e1599a3f5bd5b2eda014cbf -> d:\demo\FREEPDB1\APPSDEMO\.git\objects\ad\00bf7cadd9ebe66e1599a3f5bd5b2eda014cbf
Moved file: D:\users\ianbo\Documents\Business\Bond-and-Pollard\Admin\IT\source-repository\oracle-appsdemo\.git\objects\ad\568e7ca2677927084b6a8946f996101881dcf3 -> d:\demo\FREEPDB1\APPSDEMO\.git\objects\ad\568e7ca2677927084b6a8946f996101881dcf3
Moved file: D:\users\ianbo\Documents\Business\Bond-and-Pollard\Admin\IT\source-repository\oracle-appsdemo\.git\objects\ae\2692fefe3476bd9b32116ca41b7140bbbf3af6 -> d:\demo\FREEPDB1\APPSDEMO\.git\objects\ae\2692fefe3476bd9b32116ca41b7140bbbf3af6
Moved file: D:\users\ianbo\Documents\Business\Bond-and-Pollard\Admin\IT\source-repository\oracle-appsdemo\.git\objects\ae\74b5fc8a3076e7bc6a8ec87815a5b5b9c7d74c -> d:\demo\FREEPDB1\APPSDEMO\.git\objects\ae\74b5fc8a3076e7bc6a8ec87815a5b5b9c7d74c
Moved file: D:\users\ianbo\Documents\Business\Bond-and-Pollard\Admin\IT\source-repository\oracle-appsdemo\.git\objects\ae\b48359adc38c9da9620a25dc15a1bdc1ef5b91 -> d:\demo\FREEPDB1\APPSDEMO\.git\objects\ae\b48359adc38c9da9620a25dc15a1bdc1ef5b91
Moved file: D:\users\ianbo\Documents\Business\Bond-and-Pollard\Admin\IT\source-repository\oracle-appsdemo\.git\objects\b0\dc6be0a52d99266232dd8b4951fdd980e6765b -> d:\demo\FREEPDB1\APPSDEMO\.git\objects\b0\dc6be0a52d99266232dd8b4951fdd980e6765b
Moved file: D:\users\ianbo\Documents\Business\Bond-and-Pollard\Admin\IT\source-repository\oracle-appsdemo\.git\objects\b2\48c2ea6bae038478ce98131275bbdc436cd8c2 -> d:\demo\FREEPDB1\APPSDEMO\.git\objects\b2\48c2ea6bae038478ce98131275bbdc436cd8c2
Moved file: D:\users\ianbo\Documents\Business\Bond-and-Pollard\Admin\IT\source-repository\oracle-appsdemo\.git\objects\b2\75811e94a7701c90faae4805f2a1a434278316 -> d:\demo\FREEPDB1\APPSDEMO\.git\objects\b2\75811e94a7701c90faae4805f2a1a434278316
Moved file: D:\users\ianbo\Documents\Business\Bond-and-Pollard\Admin\IT\source-repository\oracle-appsdemo\.git\objects\b3\1a7d52ac8e813d9f753685b050590858600685 -> d:\demo\FREEPDB1\APPSDEMO\.git\objects\b3\1a7d52ac8e813d9f753685b050590858600685
Moved file: D:\users\ianbo\Documents\Business\Bond-and-Pollard\Admin\IT\source-repository\oracle-appsdemo\.git\objects\b3\b2f44fdfb95fcc80838a6af5da6c29e769ce5a -> d:\demo\FREEPDB1\APPSDEMO\.git\objects\b3\b2f44fdfb95fcc80838a6af5da6c29e769ce5a
Moved file: D:\users\ianbo\Documents\Business\Bond-and-Pollard\Admin\IT\source-repository\oracle-appsdemo\.git\objects\b3\bb31d27789e61990906bf6d8248518d27f4a80 -> d:\demo\FREEPDB1\APPSDEMO\.git\objects\b3\bb31d27789e61990906bf6d8248518d27f4a80
Moved file: D:\users\ianbo\Documents\Business\Bond-and-Pollard\Admin\IT\source-repository\oracle-appsdemo\.git\objects\b3\c195b1eee7cb24c31a6916377ee7b51f613102 -> d:\demo\FREEPDB1\APPSDEMO\.git\objects\b3\c195b1eee7cb24c31a6916377ee7b51f613102
Moved file: D:\users\ianbo\Documents\Business\Bond-and-Pollard\Admin\IT\source-repository\oracle-appsdemo\.git\objects\b3\e3ace6efa5f5941019adfe4e1dd796d64181cd -> d:\demo\FREEPDB1\APPSDEMO\.git\objects\b3\e3ace6efa5f5941019adfe4e1dd796d64181cd
Moved file: D:\users\ianbo\Documents\Business\Bond-and-Pollard\Admin\IT\source-repository\oracle-appsdemo\.git\objects\b4\cbf6ab85ca58f318272bb58594772fb7a0a1fb -> d:\demo\FREEPDB1\APPSDEMO\.git\objects\b4\cbf6ab85ca58f318272bb58594772fb7a0a1fb
Moved file: D:\users\ianbo\Documents\Business\Bond-and-Pollard\Admin\IT\source-repository\oracle-appsdemo\.git\objects\b5\060c52c0fe076e13847b64bf679dddc030cff6 -> d:\demo\FREEPDB1\APPSDEMO\.git\objects\b5\060c52c0fe076e13847b64bf679dddc030cff6
Moved file: D:\users\ianbo\Documents\Business\Bond-and-Pollard\Admin\IT\source-repository\oracle-appsdemo\.git\objects\b5\932a3eeafe8f9f094bd6ddda1ee649e70976c8 -> d:\demo\FREEPDB1\APPSDEMO\.git\objects\b5\932a3eeafe8f9f094bd6ddda1ee649e70976c8
Moved file: D:\users\ianbo\Documents\Business\Bond-and-Pollard\Admin\IT\source-repository\oracle-appsdemo\.git\objects\b5\d09ba36efd3ef20af00bdf2915d6e7d930b52c -> d:\demo\FREEPDB1\APPSDEMO\.git\objects\b5\d09ba36efd3ef20af00bdf2915d6e7d930b52c
Moved file: D:\users\ianbo\Documents\Business\Bond-and-Pollard\Admin\IT\source-repository\oracle-appsdemo\.git\objects\b6\700a46d1b4f20e76512b832f8756ed98258c9e -> d:\demo\FREEPDB1\APPSDEMO\.git\objects\b6\700a46d1b4f20e76512b832f8756ed98258c9e
Moved file: D:\users\ianbo\Documents\Business\Bond-and-Pollard\Admin\IT\source-repository\oracle-appsdemo\.git\objects\b6\c480b40fe31a322bc331a4a047351e3c8ab323 -> d:\demo\FREEPDB1\APPSDEMO\.git\objects\b6\c480b40fe31a322bc331a4a047351e3c8ab323
Moved file: D:\users\ianbo\Documents\Business\Bond-and-Pollard\Admin\IT\source-repository\oracle-appsdemo\.git\objects\b6\ea61218807992da6dc8fbdccbcf2c5683db369 -> d:\demo\FREEPDB1\APPSDEMO\.git\objects\b6\ea61218807992da6dc8fbdccbcf2c5683db369
Moved file: D:\users\ianbo\Documents\Business\Bond-and-Pollard\Admin\IT\source-repository\oracle-appsdemo\.git\objects\b8\44f3f4866c4edc6595eaff3279357266174fcf -> d:\demo\FREEPDB1\APPSDEMO\.git\objects\b8\44f3f4866c4edc6595eaff3279357266174fcf
Moved file: D:\users\ianbo\Documents\Business\Bond-and-Pollard\Admin\IT\source-repository\oracle-appsdemo\.git\objects\b8\73e397023dd3f3f0910fab67c6df73b40dd55b -> d:\demo\FREEPDB1\APPSDEMO\.git\objects\b8\73e397023dd3f3f0910fab67c6df73b40dd55b
Moved file: D:\users\ianbo\Documents\Business\Bond-and-Pollard\Admin\IT\source-repository\oracle-appsdemo\.git\objects\b9\d4d76550601313e050de6518966917e1e7abe3 -> d:\demo\FREEPDB1\APPSDEMO\.git\objects\b9\d4d76550601313e050de6518966917e1e7abe3
Moved file: D:\users\ianbo\Documents\Business\Bond-and-Pollard\Admin\IT\source-repository\oracle-appsdemo\.git\objects\b9\e29eecf4ca3d96a6bc3921b524403778cad185 -> d:\demo\FREEPDB1\APPSDEMO\.git\objects\b9\e29eecf4ca3d96a6bc3921b524403778cad185
Moved file: D:\users\ianbo\Documents\Business\Bond-and-Pollard\Admin\IT\source-repository\oracle-appsdemo\.git\objects\ba\57e71c07d26ebe70973db1c16e2e6eac057eda -> d:\demo\FREEPDB1\APPSDEMO\.git\objects\ba\57e71c07d26ebe70973db1c16e2e6eac057eda
Moved file: D:\users\ianbo\Documents\Business\Bond-and-Pollard\Admin\IT\source-repository\oracle-appsdemo\.git\objects\ba\ab06c6bd8bdc6cecc23b45488731d12ff82ff3 -> d:\demo\FREEPDB1\APPSDEMO\.git\objects\ba\ab06c6bd8bdc6cecc23b45488731d12ff82ff3
Moved file: D:\users\ianbo\Documents\Business\Bond-and-Pollard\Admin\IT\source-repository\oracle-appsdemo\.git\objects\ba\d7c8ad72ad3e4ffab44eee224e47c976a6068d -> d:\demo\FREEPDB1\APPSDEMO\.git\objects\ba\d7c8ad72ad3e4ffab44eee224e47c976a6068d
Moved file: D:\users\ianbo\Documents\Business\Bond-and-Pollard\Admin\IT\source-repository\oracle-appsdemo\.git\objects\bb\63f6db90c986678f166e06275fffb7ad569d73 -> d:\demo\FREEPDB1\APPSDEMO\.git\objects\bb\63f6db90c986678f166e06275fffb7ad569d73
Moved file: D:\users\ianbo\Documents\Business\Bond-and-Pollard\Admin\IT\source-repository\oracle-appsdemo\.git\objects\bb\a112c6bc2e2253ec7689fa2e7019bf1512a204 -> d:\demo\FREEPDB1\APPSDEMO\.git\objects\bb\a112c6bc2e2253ec7689fa2e7019bf1512a204
Moved file: D:\users\ianbo\Documents\Business\Bond-and-Pollard\Admin\IT\source-repository\oracle-appsdemo\.git\objects\bc\96e7930849e1cb95b805ff8c68de285a001718 -> d:\demo\FREEPDB1\APPSDEMO\.git\objects\bc\96e7930849e1cb95b805ff8c68de285a001718
Moved file: D:\users\ianbo\Documents\Business\Bond-and-Pollard\Admin\IT\source-repository\oracle-appsdemo\.git\objects\bc\f2f2ecdf367594f2af585fbfaba2015b53b47e -> d:\demo\FREEPDB1\APPSDEMO\.git\objects\bc\f2f2ecdf367594f2af585fbfaba2015b53b47e
Moved file: D:\users\ianbo\Documents\Business\Bond-and-Pollard\Admin\IT\source-repository\oracle-appsdemo\.git\objects\bd\032141cb0eea1919a2dc8c05fe4dae8f7b1d42 -> d:\demo\FREEPDB1\APPSDEMO\.git\objects\bd\032141cb0eea1919a2dc8c05fe4dae8f7b1d42
Moved file: D:\users\ianbo\Documents\Business\Bond-and-Pollard\Admin\IT\source-repository\oracle-appsdemo\.git\objects\bd\125e27722a7ab270dfa26585badf6f3cd6568c -> d:\demo\FREEPDB1\APPSDEMO\.git\objects\bd\125e27722a7ab270dfa26585badf6f3cd6568c
Moved file: D:\users\ianbo\Documents\Business\Bond-and-Pollard\Admin\IT\source-repository\oracle-appsdemo\.git\objects\bd\4af29103a15494d18654b12427239b96b11f93 -> d:\demo\FREEPDB1\APPSDEMO\.git\objects\bd\4af29103a15494d18654b12427239b96b11f93
Moved file: D:\users\ianbo\Documents\Business\Bond-and-Pollard\Admin\IT\source-repository\oracle-appsdemo\.git\objects\bd\9e6012ea6d5452486287bdb0e20e0310849b35 -> d:\demo\FREEPDB1\APPSDEMO\.git\objects\bd\9e6012ea6d5452486287bdb0e20e0310849b35
Moved file: D:\users\ianbo\Documents\Business\Bond-and-Pollard\Admin\IT\source-repository\oracle-appsdemo\.git\objects\bd\c958b5ce4ba47c274381da61262ca5c8e07a83 -> d:\demo\FREEPDB1\APPSDEMO\.git\objects\bd\c958b5ce4ba47c274381da61262ca5c8e07a83
Moved file: D:\users\ianbo\Documents\Business\Bond-and-Pollard\Admin\IT\source-repository\oracle-appsdemo\.git\objects\bd\d1005395608548c3e1a4494e9b2f480c8e7bc1 -> d:\demo\FREEPDB1\APPSDEMO\.git\objects\bd\d1005395608548c3e1a4494e9b2f480c8e7bc1
Moved file: D:\users\ianbo\Documents\Business\Bond-and-Pollard\Admin\IT\source-repository\oracle-appsdemo\.git\objects\bd\d4d17f487c88ba129f46869034c68b7e0a243b -> d:\demo\FREEPDB1\APPSDEMO\.git\objects\bd\d4d17f487c88ba129f46869034c68b7e0a243b
Moved file: D:\users\ianbo\Documents\Business\Bond-and-Pollard\Admin\IT\source-repository\oracle-appsdemo\.git\objects\be\6f168149aa4b1f095bef0f824207868e4563fa -> d:\demo\FREEPDB1\APPSDEMO\.git\objects\be\6f168149aa4b1f095bef0f824207868e4563fa
Moved file: D:\users\ianbo\Documents\Business\Bond-and-Pollard\Admin\IT\source-repository\oracle-appsdemo\.git\objects\be\8804252ad74d3a4d1b0c7eba6696f21c83bdba -> d:\demo\FREEPDB1\APPSDEMO\.git\objects\be\8804252ad74d3a4d1b0c7eba6696f21c83bdba
Moved file: D:\users\ianbo\Documents\Business\Bond-and-Pollard\Admin\IT\source-repository\oracle-appsdemo\.git\objects\be\cb17431ba3c5972e35341b25ac0d12b8fc1758 -> d:\demo\FREEPDB1\APPSDEMO\.git\objects\be\cb17431ba3c5972e35341b25ac0d12b8fc1758
Moved file: D:\users\ianbo\Documents\Business\Bond-and-Pollard\Admin\IT\source-repository\oracle-appsdemo\.git\objects\bf\46442e1d994071916876bb9e2a28f66f6e4fa6 -> d:\demo\FREEPDB1\APPSDEMO\.git\objects\bf\46442e1d994071916876bb9e2a28f66f6e4fa6
Moved file: D:\users\ianbo\Documents\Business\Bond-and-Pollard\Admin\IT\source-repository\oracle-appsdemo\.git\objects\bf\5055821f39f869ea5c0ab826785cc0cbbae356 -> d:\demo\FREEPDB1\APPSDEMO\.git\objects\bf\5055821f39f869ea5c0ab826785cc0cbbae356
Moved file: D:\users\ianbo\Documents\Business\Bond-and-Pollard\Admin\IT\source-repository\oracle-appsdemo\.git\objects\bf\643791be46c23edecc7ef1a79b15b9c8d78677 -> d:\demo\FREEPDB1\APPSDEMO\.git\objects\bf\643791be46c23edecc7ef1a79b15b9c8d78677
Moved file: D:\users\ianbo\Documents\Business\Bond-and-Pollard\Admin\IT\source-repository\oracle-appsdemo\.git\objects\c0\008a50e93816718c202505d49c122b0097889b -> d:\demo\FREEPDB1\APPSDEMO\.git\objects\c0\008a50e93816718c202505d49c122b0097889b
Moved file: D:\users\ianbo\Documents\Business\Bond-and-Pollard\Admin\IT\source-repository\oracle-appsdemo\.git\objects\c0\420808eb0efc82c40daf750d53d756d3f8d3bd -> d:\demo\FREEPDB1\APPSDEMO\.git\objects\c0\420808eb0efc82c40daf750d53d756d3f8d3bd
Moved file: D:\users\ianbo\Documents\Business\Bond-and-Pollard\Admin\IT\source-repository\oracle-appsdemo\.git\objects\c0\ac5654f4c960b5638e9b18ae91161927a00240 -> d:\demo\FREEPDB1\APPSDEMO\.git\objects\c0\ac5654f4c960b5638e9b18ae91161927a00240
Moved file: D:\users\ianbo\Documents\Business\Bond-and-Pollard\Admin\IT\source-repository\oracle-appsdemo\.git\objects\c0\f98fd2f265085168ca7cfb5357cd17d3a1e35d -> d:\demo\FREEPDB1\APPSDEMO\.git\objects\c0\f98fd2f265085168ca7cfb5357cd17d3a1e35d
Moved file: D:\users\ianbo\Documents\Business\Bond-and-Pollard\Admin\IT\source-repository\oracle-appsdemo\.git\objects\c1\0bcbfb008e088659d861f49f35e5484a049d32 -> d:\demo\FREEPDB1\APPSDEMO\.git\objects\c1\0bcbfb008e088659d861f49f35e5484a049d32
Moved file: D:\users\ianbo\Documents\Business\Bond-and-Pollard\Admin\IT\source-repository\oracle-appsdemo\.git\objects\c1\a1df89fe8b09926bf35e3075a38d87772e8900 -> d:\demo\FREEPDB1\APPSDEMO\.git\objects\c1\a1df89fe8b09926bf35e3075a38d87772e8900
Moved file: D:\users\ianbo\Documents\Business\Bond-and-Pollard\Admin\IT\source-repository\oracle-appsdemo\.git\objects\c2\aa7279b186e919533043296709015439d749c4 -> d:\demo\FREEPDB1\APPSDEMO\.git\objects\c2\aa7279b186e919533043296709015439d749c4
Moved file: D:\users\ianbo\Documents\Business\Bond-and-Pollard\Admin\IT\source-repository\oracle-appsdemo\.git\objects\c2\fc5b3c14f922f69311bbcc08e40bed1d5d1574 -> d:\demo\FREEPDB1\APPSDEMO\.git\objects\c2\fc5b3c14f922f69311bbcc08e40bed1d5d1574
Moved file: D:\users\ianbo\Documents\Business\Bond-and-Pollard\Admin\IT\source-repository\oracle-appsdemo\.git\objects\c3\1e8ab6c8a6f70f39b4ba5ca26065e0863cc1e5 -> d:\demo\FREEPDB1\APPSDEMO\.git\objects\c3\1e8ab6c8a6f70f39b4ba5ca26065e0863cc1e5
Moved file: D:\users\ianbo\Documents\Business\Bond-and-Pollard\Admin\IT\source-repository\oracle-appsdemo\.git\objects\c4\12c3b09e60a64d63976ae4710e6d1bc2bf6a4a -> d:\demo\FREEPDB1\APPSDEMO\.git\objects\c4\12c3b09e60a64d63976ae4710e6d1bc2bf6a4a
Moved file: D:\users\ianbo\Documents\Business\Bond-and-Pollard\Admin\IT\source-repository\oracle-appsdemo\.git\objects\c4\399219582e7cc855c1fca8b1e1a80e94dac397 -> d:\demo\FREEPDB1\APPSDEMO\.git\objects\c4\399219582e7cc855c1fca8b1e1a80e94dac397
Moved file: D:\users\ianbo\Documents\Business\Bond-and-Pollard\Admin\IT\source-repository\oracle-appsdemo\.git\objects\c4\c8f9223243301833796fbcd204378f00728b82 -> d:\demo\FREEPDB1\APPSDEMO\.git\objects\c4\c8f9223243301833796fbcd204378f00728b82
Moved file: D:\users\ianbo\Documents\Business\Bond-and-Pollard\Admin\IT\source-repository\oracle-appsdemo\.git\objects\c5\5d08c9caa02c23f96f5ae1cd6af6ddd2940657 -> d:\demo\FREEPDB1\APPSDEMO\.git\objects\c5\5d08c9caa02c23f96f5ae1cd6af6ddd2940657
Moved file: D:\users\ianbo\Documents\Business\Bond-and-Pollard\Admin\IT\source-repository\oracle-appsdemo\.git\objects\c5\d76c8093ecacbf1197d7d541f6c4e0c344a5cb -> d:\demo\FREEPDB1\APPSDEMO\.git\objects\c5\d76c8093ecacbf1197d7d541f6c4e0c344a5cb
Moved file: D:\users\ianbo\Documents\Business\Bond-and-Pollard\Admin\IT\source-repository\oracle-appsdemo\.git\objects\c6\526747bb10861bba427a60f7377e0040397149 -> d:\demo\FREEPDB1\APPSDEMO\.git\objects\c6\526747bb10861bba427a60f7377e0040397149
Moved file: D:\users\ianbo\Documents\Business\Bond-and-Pollard\Admin\IT\source-repository\oracle-appsdemo\.git\objects\c7\529de6198ee67dde13b545eecbfe32f010301f -> d:\demo\FREEPDB1\APPSDEMO\.git\objects\c7\529de6198ee67dde13b545eecbfe32f010301f
Moved file: D:\users\ianbo\Documents\Business\Bond-and-Pollard\Admin\IT\source-repository\oracle-appsdemo\.git\objects\c7\652073d6a102d887751c573f8794bf8d3ed300 -> d:\demo\FREEPDB1\APPSDEMO\.git\objects\c7\652073d6a102d887751c573f8794bf8d3ed300
Moved file: D:\users\ianbo\Documents\Business\Bond-and-Pollard\Admin\IT\source-repository\oracle-appsdemo\.git\objects\c7\89cbb856b2738743f205752204674c4a0c2441 -> d:\demo\FREEPDB1\APPSDEMO\.git\objects\c7\89cbb856b2738743f205752204674c4a0c2441
Moved file: D:\users\ianbo\Documents\Business\Bond-and-Pollard\Admin\IT\source-repository\oracle-appsdemo\.git\objects\c7\b4fd00d06d81e158511cc0aad9d2cc8fd8f8a6 -> d:\demo\FREEPDB1\APPSDEMO\.git\objects\c7\b4fd00d06d81e158511cc0aad9d2cc8fd8f8a6
Moved file: D:\users\ianbo\Documents\Business\Bond-and-Pollard\Admin\IT\source-repository\oracle-appsdemo\.git\objects\c7\dad8b3875d4f1525f392cc7ec2dcdeeb7a6400 -> d:\demo\FREEPDB1\APPSDEMO\.git\objects\c7\dad8b3875d4f1525f392cc7ec2dcdeeb7a6400
Moved file: D:\users\ianbo\Documents\Business\Bond-and-Pollard\Admin\IT\source-repository\oracle-appsdemo\.git\objects\c8\573022d6224e3208cfdd3f1e19dd794260f5dc -> d:\demo\FREEPDB1\APPSDEMO\.git\objects\c8\573022d6224e3208cfdd3f1e19dd794260f5dc
Moved file: D:\users\ianbo\Documents\Business\Bond-and-Pollard\Admin\IT\source-repository\oracle-appsdemo\.git\objects\c9\6be99335ad83122509d8fad3435d02fe2e30e6 -> d:\demo\FREEPDB1\APPSDEMO\.git\objects\c9\6be99335ad83122509d8fad3435d02fe2e30e6
Moved file: D:\users\ianbo\Documents\Business\Bond-and-Pollard\Admin\IT\source-repository\oracle-appsdemo\.git\objects\c9\c69cbda88e88162719dcee8f67e8b38d6e94ca -> d:\demo\FREEPDB1\APPSDEMO\.git\objects\c9\c69cbda88e88162719dcee8f67e8b38d6e94ca
Moved file: D:\users\ianbo\Documents\Business\Bond-and-Pollard\Admin\IT\source-repository\oracle-appsdemo\.git\objects\c9\d53338306b15c24d6a27242f9bd267a16f7793 -> d:\demo\FREEPDB1\APPSDEMO\.git\objects\c9\d53338306b15c24d6a27242f9bd267a16f7793
Moved file: D:\users\ianbo\Documents\Business\Bond-and-Pollard\Admin\IT\source-repository\oracle-appsdemo\.git\objects\ca\8a4db8e209e1ee277967e30df4c534633de7fb -> d:\demo\FREEPDB1\APPSDEMO\.git\objects\ca\8a4db8e209e1ee277967e30df4c534633de7fb
Moved file: D:\users\ianbo\Documents\Business\Bond-and-Pollard\Admin\IT\source-repository\oracle-appsdemo\.git\objects\ca\b2207d226225df1c9ee9245fb108e377f1cd14 -> d:\demo\FREEPDB1\APPSDEMO\.git\objects\ca\b2207d226225df1c9ee9245fb108e377f1cd14
Moved file: D:\users\ianbo\Documents\Business\Bond-and-Pollard\Admin\IT\source-repository\oracle-appsdemo\.git\objects\ca\e5495baa80ea3c73e49c67c7c9f14406c03d2d -> d:\demo\FREEPDB1\APPSDEMO\.git\objects\ca\e5495baa80ea3c73e49c67c7c9f14406c03d2d
Moved file: D:\users\ianbo\Documents\Business\Bond-and-Pollard\Admin\IT\source-repository\oracle-appsdemo\.git\objects\cb\428fa4de8a53bd139e4c02210051627865d6d6 -> d:\demo\FREEPDB1\APPSDEMO\.git\objects\cb\428fa4de8a53bd139e4c02210051627865d6d6
Moved file: D:\users\ianbo\Documents\Business\Bond-and-Pollard\Admin\IT\source-repository\oracle-appsdemo\.git\objects\cc\535e4be28997640dbfddd88e28c0ed7a05f205 -> d:\demo\FREEPDB1\APPSDEMO\.git\objects\cc\535e4be28997640dbfddd88e28c0ed7a05f205
Moved file: D:\users\ianbo\Documents\Business\Bond-and-Pollard\Admin\IT\source-repository\oracle-appsdemo\.git\objects\cc\9e7019ae834b3dba02a8d418718094e9c82aee -> d:\demo\FREEPDB1\APPSDEMO\.git\objects\cc\9e7019ae834b3dba02a8d418718094e9c82aee
Moved file: D:\users\ianbo\Documents\Business\Bond-and-Pollard\Admin\IT\source-repository\oracle-appsdemo\.git\objects\cd\0ae2192ba1cbe5a52adc003378d503f815c791 -> d:\demo\FREEPDB1\APPSDEMO\.git\objects\cd\0ae2192ba1cbe5a52adc003378d503f815c791
Moved file: D:\users\ianbo\Documents\Business\Bond-and-Pollard\Admin\IT\source-repository\oracle-appsdemo\.git\objects\cd\befc190f2c54aae14797827da9e14af216a66f -> d:\demo\FREEPDB1\APPSDEMO\.git\objects\cd\befc190f2c54aae14797827da9e14af216a66f
Moved file: D:\users\ianbo\Documents\Business\Bond-and-Pollard\Admin\IT\source-repository\oracle-appsdemo\.git\objects\cd\f49e4b06054b0a66ec7d2ed0c5df3cafdd2e72 -> d:\demo\FREEPDB1\APPSDEMO\.git\objects\cd\f49e4b06054b0a66ec7d2ed0c5df3cafdd2e72
Moved file: D:\users\ianbo\Documents\Business\Bond-and-Pollard\Admin\IT\source-repository\oracle-appsdemo\.git\objects\ce\fe2feba9547314516931ec21237edb46ae8eba -> d:\demo\FREEPDB1\APPSDEMO\.git\objects\ce\fe2feba9547314516931ec21237edb46ae8eba
Moved file: D:\users\ianbo\Documents\Business\Bond-and-Pollard\Admin\IT\source-repository\oracle-appsdemo\.git\objects\cf\78bf138b51adabf165b28e7a0c63d7dc6b7a28 -> d:\demo\FREEPDB1\APPSDEMO\.git\objects\cf\78bf138b51adabf165b28e7a0c63d7dc6b7a28
Moved file: D:\users\ianbo\Documents\Business\Bond-and-Pollard\Admin\IT\source-repository\oracle-appsdemo\.git\objects\cf\d70c5665f55b808d97b1500a7a2ccb03dc954a -> d:\demo\FREEPDB1\APPSDEMO\.git\objects\cf\d70c5665f55b808d97b1500a7a2ccb03dc954a
Moved file: D:\users\ianbo\Documents\Business\Bond-and-Pollard\Admin\IT\source-repository\oracle-appsdemo\.git\objects\cf\ee06289639ec03c9ec232856936e3ee9962938 -> d:\demo\FREEPDB1\APPSDEMO\.git\objects\cf\ee06289639ec03c9ec232856936e3ee9962938
Moved file: D:\users\ianbo\Documents\Business\Bond-and-Pollard\Admin\IT\source-repository\oracle-appsdemo\.git\objects\d0\0dcc391d9b0723e8b69451e69c6d95b875a318 -> d:\demo\FREEPDB1\APPSDEMO\.git\objects\d0\0dcc391d9b0723e8b69451e69c6d95b875a318
Moved file: D:\users\ianbo\Documents\Business\Bond-and-Pollard\Admin\IT\source-repository\oracle-appsdemo\.git\objects\d0\2f0fdf366e2901576873fa6da52bf0feeec458 -> d:\demo\FREEPDB1\APPSDEMO\.git\objects\d0\2f0fdf366e2901576873fa6da52bf0feeec458
Moved file: D:\users\ianbo\Documents\Business\Bond-and-Pollard\Admin\IT\source-repository\oracle-appsdemo\.git\objects\d0\dadf9d66bcde02c69a1324cbfac6c91c8ab85a -> d:\demo\FREEPDB1\APPSDEMO\.git\objects\d0\dadf9d66bcde02c69a1324cbfac6c91c8ab85a
Moved file: D:\users\ianbo\Documents\Business\Bond-and-Pollard\Admin\IT\source-repository\oracle-appsdemo\.git\objects\d0\e0966b78afa965e6b7cc56470d9217dc117b85 -> d:\demo\FREEPDB1\APPSDEMO\.git\objects\d0\e0966b78afa965e6b7cc56470d9217dc117b85
Moved file: D:\users\ianbo\Documents\Business\Bond-and-Pollard\Admin\IT\source-repository\oracle-appsdemo\.git\objects\d1\4340b0ed9612422e3ce61d2be9b1b869f5e02e -> d:\demo\FREEPDB1\APPSDEMO\.git\objects\d1\4340b0ed9612422e3ce61d2be9b1b869f5e02e
Moved file: D:\users\ianbo\Documents\Business\Bond-and-Pollard\Admin\IT\source-repository\oracle-appsdemo\.git\objects\d1\82cffaed23e58aec1edcf6536551ef4f5c4b30 -> d:\demo\FREEPDB1\APPSDEMO\.git\objects\d1\82cffaed23e58aec1edcf6536551ef4f5c4b30
Moved file: D:\users\ianbo\Documents\Business\Bond-and-Pollard\Admin\IT\source-repository\oracle-appsdemo\.git\objects\d1\93d27d24cea4bb64b8736045c10a447aaddc07 -> d:\demo\FREEPDB1\APPSDEMO\.git\objects\d1\93d27d24cea4bb64b8736045c10a447aaddc07
Moved file: D:\users\ianbo\Documents\Business\Bond-and-Pollard\Admin\IT\source-repository\oracle-appsdemo\.git\objects\d2\022b3b6e2b94185701f6562f9eda85168ab077 -> d:\demo\FREEPDB1\APPSDEMO\.git\objects\d2\022b3b6e2b94185701f6562f9eda85168ab077
Moved file: D:\users\ianbo\Documents\Business\Bond-and-Pollard\Admin\IT\source-repository\oracle-appsdemo\.git\objects\d2\a460086722a819b97ea9bd5618f322a5b7fe97 -> d:\demo\FREEPDB1\APPSDEMO\.git\objects\d2\a460086722a819b97ea9bd5618f322a5b7fe97
Moved file: D:\users\ianbo\Documents\Business\Bond-and-Pollard\Admin\IT\source-repository\oracle-appsdemo\.git\objects\d2\cbf3cf095368e64080858079e7a10d556a48e6 -> d:\demo\FREEPDB1\APPSDEMO\.git\objects\d2\cbf3cf095368e64080858079e7a10d556a48e6
Moved file: D:\users\ianbo\Documents\Business\Bond-and-Pollard\Admin\IT\source-repository\oracle-appsdemo\.git\objects\d2\f49aceb4526d2c2c8db23335947434e1c1fd69 -> d:\demo\FREEPDB1\APPSDEMO\.git\objects\d2\f49aceb4526d2c2c8db23335947434e1c1fd69
Moved file: D:\users\ianbo\Documents\Business\Bond-and-Pollard\Admin\IT\source-repository\oracle-appsdemo\.git\objects\d3\3daaa96291b0d9dcde35138748184cbacf4657 -> d:\demo\FREEPDB1\APPSDEMO\.git\objects\d3\3daaa96291b0d9dcde35138748184cbacf4657
Moved file: D:\users\ianbo\Documents\Business\Bond-and-Pollard\Admin\IT\source-repository\oracle-appsdemo\.git\objects\d3\422f83e061b8e0b9b5d14827816cd17667e028 -> d:\demo\FREEPDB1\APPSDEMO\.git\objects\d3\422f83e061b8e0b9b5d14827816cd17667e028
Moved file: D:\users\ianbo\Documents\Business\Bond-and-Pollard\Admin\IT\source-repository\oracle-appsdemo\.git\objects\d3\493533567e7b8d6b0286b9b2af207197035232 -> d:\demo\FREEPDB1\APPSDEMO\.git\objects\d3\493533567e7b8d6b0286b9b2af207197035232
Moved file: D:\users\ianbo\Documents\Business\Bond-and-Pollard\Admin\IT\source-repository\oracle-appsdemo\.git\objects\d3\671719032ddc720beaa2d67e245cdee4e64d42 -> d:\demo\FREEPDB1\APPSDEMO\.git\objects\d3\671719032ddc720beaa2d67e245cdee4e64d42
Moved file: D:\users\ianbo\Documents\Business\Bond-and-Pollard\Admin\IT\source-repository\oracle-appsdemo\.git\objects\d3\b9f6642350d7fdeb36efeea7d4e2268d727aab -> d:\demo\FREEPDB1\APPSDEMO\.git\objects\d3\b9f6642350d7fdeb36efeea7d4e2268d727aab
Moved file: D:\users\ianbo\Documents\Business\Bond-and-Pollard\Admin\IT\source-repository\oracle-appsdemo\.git\objects\d3\e755d7e1c2285d971b31175e74dfa5aec2e0b5 -> d:\demo\FREEPDB1\APPSDEMO\.git\objects\d3\e755d7e1c2285d971b31175e74dfa5aec2e0b5
Moved file: D:\users\ianbo\Documents\Business\Bond-and-Pollard\Admin\IT\source-repository\oracle-appsdemo\.git\objects\d4\23e7eb1565d067e8180d5b46454d4a91269750 -> d:\demo\FREEPDB1\APPSDEMO\.git\objects\d4\23e7eb1565d067e8180d5b46454d4a91269750
Moved file: D:\users\ianbo\Documents\Business\Bond-and-Pollard\Admin\IT\source-repository\oracle-appsdemo\.git\objects\d4\25180990ed1453829dc988f2d6d866d4f6fc59 -> d:\demo\FREEPDB1\APPSDEMO\.git\objects\d4\25180990ed1453829dc988f2d6d866d4f6fc59
Moved file: D:\users\ianbo\Documents\Business\Bond-and-Pollard\Admin\IT\source-repository\oracle-appsdemo\.git\objects\d4\69ca4f0da7ed563fcbd15573a5811c2b4a1f45 -> d:\demo\FREEPDB1\APPSDEMO\.git\objects\d4\69ca4f0da7ed563fcbd15573a5811c2b4a1f45
Moved file: D:\users\ianbo\Documents\Business\Bond-and-Pollard\Admin\IT\source-repository\oracle-appsdemo\.git\objects\d4\d4b17c2f1ca3047d9207fce2d9799a60ace016 -> d:\demo\FREEPDB1\APPSDEMO\.git\objects\d4\d4b17c2f1ca3047d9207fce2d9799a60ace016
Moved file: D:\users\ianbo\Documents\Business\Bond-and-Pollard\Admin\IT\source-repository\oracle-appsdemo\.git\objects\d5\4f728dcd9600d05717665cf629228bd424e662 -> d:\demo\FREEPDB1\APPSDEMO\.git\objects\d5\4f728dcd9600d05717665cf629228bd424e662
Moved file: D:\users\ianbo\Documents\Business\Bond-and-Pollard\Admin\IT\source-repository\oracle-appsdemo\.git\objects\d6\6bcda381ebe01671602e8a729c6e7aa2373098 -> d:\demo\FREEPDB1\APPSDEMO\.git\objects\d6\6bcda381ebe01671602e8a729c6e7aa2373098
Moved file: D:\users\ianbo\Documents\Business\Bond-and-Pollard\Admin\IT\source-repository\oracle-appsdemo\.git\objects\d7\ed45abe0c459beae646c3cbd7877db66e8fe77 -> d:\demo\FREEPDB1\APPSDEMO\.git\objects\d7\ed45abe0c459beae646c3cbd7877db66e8fe77
Moved file: D:\users\ianbo\Documents\Business\Bond-and-Pollard\Admin\IT\source-repository\oracle-appsdemo\.git\objects\d8\28422c63da36142acf681be30fd45411129d1f -> d:\demo\FREEPDB1\APPSDEMO\.git\objects\d8\28422c63da36142acf681be30fd45411129d1f
Moved file: D:\users\ianbo\Documents\Business\Bond-and-Pollard\Admin\IT\source-repository\oracle-appsdemo\.git\objects\d8\a43860b99ce8ed9717452dea7912e06878c071 -> d:\demo\FREEPDB1\APPSDEMO\.git\objects\d8\a43860b99ce8ed9717452dea7912e06878c071
Moved file: D:\users\ianbo\Documents\Business\Bond-and-Pollard\Admin\IT\source-repository\oracle-appsdemo\.git\objects\d9\021f7ab4729ab99b72a5585d0137ae16ed86bb -> d:\demo\FREEPDB1\APPSDEMO\.git\objects\d9\021f7ab4729ab99b72a5585d0137ae16ed86bb
Moved file: D:\users\ianbo\Documents\Business\Bond-and-Pollard\Admin\IT\source-repository\oracle-appsdemo\.git\objects\d9\a94d6b1c232203039441b340482f463db98fdd -> d:\demo\FREEPDB1\APPSDEMO\.git\objects\d9\a94d6b1c232203039441b340482f463db98fdd
Moved file: D:\users\ianbo\Documents\Business\Bond-and-Pollard\Admin\IT\source-repository\oracle-appsdemo\.git\objects\d9\b241f603d77c607bc64c55ec508d420c57785d -> d:\demo\FREEPDB1\APPSDEMO\.git\objects\d9\b241f603d77c607bc64c55ec508d420c57785d
Moved file: D:\users\ianbo\Documents\Business\Bond-and-Pollard\Admin\IT\source-repository\oracle-appsdemo\.git\objects\d9\eb3ada3588c46035f20340d25412dd28add654 -> d:\demo\FREEPDB1\APPSDEMO\.git\objects\d9\eb3ada3588c46035f20340d25412dd28add654
Moved file: D:\users\ianbo\Documents\Business\Bond-and-Pollard\Admin\IT\source-repository\oracle-appsdemo\.git\objects\da\8338fa711ccdbc751335c5d892bd5be0fa2e14 -> d:\demo\FREEPDB1\APPSDEMO\.git\objects\da\8338fa711ccdbc751335c5d892bd5be0fa2e14
Moved file: D:\users\ianbo\Documents\Business\Bond-and-Pollard\Admin\IT\source-repository\oracle-appsdemo\.git\objects\da\cc52c58efdb197606d1a0dced0fcde5e8c311f -> d:\demo\FREEPDB1\APPSDEMO\.git\objects\da\cc52c58efdb197606d1a0dced0fcde5e8c311f
Moved file: D:\users\ianbo\Documents\Business\Bond-and-Pollard\Admin\IT\source-repository\oracle-appsdemo\.git\objects\da\eced03d2a69a80472c52995352019a0b205993 -> d:\demo\FREEPDB1\APPSDEMO\.git\objects\da\eced03d2a69a80472c52995352019a0b205993
Moved file: D:\users\ianbo\Documents\Business\Bond-and-Pollard\Admin\IT\source-repository\oracle-appsdemo\.git\objects\db\0357ac61429f6cb9ca124f9b5d98ce479e4789 -> d:\demo\FREEPDB1\APPSDEMO\.git\objects\db\0357ac61429f6cb9ca124f9b5d98ce479e4789
Moved file: D:\users\ianbo\Documents\Business\Bond-and-Pollard\Admin\IT\source-repository\oracle-appsdemo\.git\objects\db\47d787b6ba77a629e05cf42e2e8285364b7c71 -> d:\demo\FREEPDB1\APPSDEMO\.git\objects\db\47d787b6ba77a629e05cf42e2e8285364b7c71
Moved file: D:\users\ianbo\Documents\Business\Bond-and-Pollard\Admin\IT\source-repository\oracle-appsdemo\.git\objects\db\ae9b94ed7990999056486910fbeac46d714dfb -> d:\demo\FREEPDB1\APPSDEMO\.git\objects\db\ae9b94ed7990999056486910fbeac46d714dfb
Moved file: D:\users\ianbo\Documents\Business\Bond-and-Pollard\Admin\IT\source-repository\oracle-appsdemo\.git\objects\db\b371588e86039e10fde09f7b94ff9febb3d8e9 -> d:\demo\FREEPDB1\APPSDEMO\.git\objects\db\b371588e86039e10fde09f7b94ff9febb3d8e9
Moved file: D:\users\ianbo\Documents\Business\Bond-and-Pollard\Admin\IT\source-repository\oracle-appsdemo\.git\objects\dd\21ba727a05452be848fc8b6e5684a3a459eeeb -> d:\demo\FREEPDB1\APPSDEMO\.git\objects\dd\21ba727a05452be848fc8b6e5684a3a459eeeb
Moved file: D:\users\ianbo\Documents\Business\Bond-and-Pollard\Admin\IT\source-repository\oracle-appsdemo\.git\objects\dd\36291a55b445f6cff5fc095b62572665934c3b -> d:\demo\FREEPDB1\APPSDEMO\.git\objects\dd\36291a55b445f6cff5fc095b62572665934c3b
Moved file: D:\users\ianbo\Documents\Business\Bond-and-Pollard\Admin\IT\source-repository\oracle-appsdemo\.git\objects\dd\51a74cb43b6f46e411cf9006a304d87faa47dc -> d:\demo\FREEPDB1\APPSDEMO\.git\objects\dd\51a74cb43b6f46e411cf9006a304d87faa47dc
Moved file: D:\users\ianbo\Documents\Business\Bond-and-Pollard\Admin\IT\source-repository\oracle-appsdemo\.git\objects\dd\9190de266ee34184d0a0969d3b76e97e5ccc2a -> d:\demo\FREEPDB1\APPSDEMO\.git\objects\dd\9190de266ee34184d0a0969d3b76e97e5ccc2a
Moved file: D:\users\ianbo\Documents\Business\Bond-and-Pollard\Admin\IT\source-repository\oracle-appsdemo\.git\objects\de\185361d2904958edaba7f4930270bc4e576319 -> d:\demo\FREEPDB1\APPSDEMO\.git\objects\de\185361d2904958edaba7f4930270bc4e576319
Moved file: D:\users\ianbo\Documents\Business\Bond-and-Pollard\Admin\IT\source-repository\oracle-appsdemo\.git\objects\df\088a52bee6131309bd36d25b45d814ce6ff84f -> d:\demo\FREEPDB1\APPSDEMO\.git\objects\df\088a52bee6131309bd36d25b45d814ce6ff84f
Moved file: D:\users\ianbo\Documents\Business\Bond-and-Pollard\Admin\IT\source-repository\oracle-appsdemo\.git\objects\df\4746c0fa74173c9c4c50fb3132474962563e66 -> d:\demo\FREEPDB1\APPSDEMO\.git\objects\df\4746c0fa74173c9c4c50fb3132474962563e66
Moved file: D:\users\ianbo\Documents\Business\Bond-and-Pollard\Admin\IT\source-repository\oracle-appsdemo\.git\objects\df\7176c042631bcc3943241f20f6d0f2cc23cfb8 -> d:\demo\FREEPDB1\APPSDEMO\.git\objects\df\7176c042631bcc3943241f20f6d0f2cc23cfb8
Moved file: D:\users\ianbo\Documents\Business\Bond-and-Pollard\Admin\IT\source-repository\oracle-appsdemo\.git\objects\df\b7423a94bfd374f9c5a875d52029ee85475b31 -> d:\demo\FREEPDB1\APPSDEMO\.git\objects\df\b7423a94bfd374f9c5a875d52029ee85475b31
Moved file: D:\users\ianbo\Documents\Business\Bond-and-Pollard\Admin\IT\source-repository\oracle-appsdemo\.git\objects\e0\26152184bd62e52a28b5c51be88c7a88b85679 -> d:\demo\FREEPDB1\APPSDEMO\.git\objects\e0\26152184bd62e52a28b5c51be88c7a88b85679
Moved file: D:\users\ianbo\Documents\Business\Bond-and-Pollard\Admin\IT\source-repository\oracle-appsdemo\.git\objects\e0\2d92406492b867be36e304d1edc28f763c181a -> d:\demo\FREEPDB1\APPSDEMO\.git\objects\e0\2d92406492b867be36e304d1edc28f763c181a
Moved file: D:\users\ianbo\Documents\Business\Bond-and-Pollard\Admin\IT\source-repository\oracle-appsdemo\.git\objects\e0\439523e9d505c04aaa7f72cb8ce71870b77001 -> d:\demo\FREEPDB1\APPSDEMO\.git\objects\e0\439523e9d505c04aaa7f72cb8ce71870b77001
Moved file: D:\users\ianbo\Documents\Business\Bond-and-Pollard\Admin\IT\source-repository\oracle-appsdemo\.git\objects\e0\4ed9cd6eec4be3ba2cbbe5a16368405292d8f8 -> d:\demo\FREEPDB1\APPSDEMO\.git\objects\e0\4ed9cd6eec4be3ba2cbbe5a16368405292d8f8
Moved file: D:\users\ianbo\Documents\Business\Bond-and-Pollard\Admin\IT\source-repository\oracle-appsdemo\.git\objects\e0\dd6e884d561ae31ac35f47890ed610304eff66 -> d:\demo\FREEPDB1\APPSDEMO\.git\objects\e0\dd6e884d561ae31ac35f47890ed610304eff66
Moved file: D:\users\ianbo\Documents\Business\Bond-and-Pollard\Admin\IT\source-repository\oracle-appsdemo\.git\objects\e1\7bdef10e2c70f005b6e41af2e5bd60953e8614 -> d:\demo\FREEPDB1\APPSDEMO\.git\objects\e1\7bdef10e2c70f005b6e41af2e5bd60953e8614
Moved file: D:\users\ianbo\Documents\Business\Bond-and-Pollard\Admin\IT\source-repository\oracle-appsdemo\.git\objects\e2\14974686018573294fc3f4dfbb1087227cf8a5 -> d:\demo\FREEPDB1\APPSDEMO\.git\objects\e2\14974686018573294fc3f4dfbb1087227cf8a5
Moved file: D:\users\ianbo\Documents\Business\Bond-and-Pollard\Admin\IT\source-repository\oracle-appsdemo\.git\objects\e2\8f866fff548587168e0c3d322183caae7c7127 -> d:\demo\FREEPDB1\APPSDEMO\.git\objects\e2\8f866fff548587168e0c3d322183caae7c7127
Moved file: D:\users\ianbo\Documents\Business\Bond-and-Pollard\Admin\IT\source-repository\oracle-appsdemo\.git\objects\e2\ef3754c619a3a399e2941d8ddc48366c3e98c6 -> d:\demo\FREEPDB1\APPSDEMO\.git\objects\e2\ef3754c619a3a399e2941d8ddc48366c3e98c6
Moved file: D:\users\ianbo\Documents\Business\Bond-and-Pollard\Admin\IT\source-repository\oracle-appsdemo\.git\objects\e3\003c07642730eb33be523c8f1c61778e1e519c -> d:\demo\FREEPDB1\APPSDEMO\.git\objects\e3\003c07642730eb33be523c8f1c61778e1e519c
Moved file: D:\users\ianbo\Documents\Business\Bond-and-Pollard\Admin\IT\source-repository\oracle-appsdemo\.git\objects\e3\1dbf6c7f72a2d520ddfa3fae59b0966e73f0f3 -> d:\demo\FREEPDB1\APPSDEMO\.git\objects\e3\1dbf6c7f72a2d520ddfa3fae59b0966e73f0f3
Moved file: D:\users\ianbo\Documents\Business\Bond-and-Pollard\Admin\IT\source-repository\oracle-appsdemo\.git\objects\e3\24b104037b12a089304e37ea1c335b455321b7 -> d:\demo\FREEPDB1\APPSDEMO\.git\objects\e3\24b104037b12a089304e37ea1c335b455321b7
Moved file: D:\users\ianbo\Documents\Business\Bond-and-Pollard\Admin\IT\source-repository\oracle-appsdemo\.git\objects\e3\caeb5332a150a575fd52234322e8b9569d6d0f -> d:\demo\FREEPDB1\APPSDEMO\.git\objects\e3\caeb5332a150a575fd52234322e8b9569d6d0f
Moved file: D:\users\ianbo\Documents\Business\Bond-and-Pollard\Admin\IT\source-repository\oracle-appsdemo\.git\objects\e4\1b9d44f455e4d12285093e5094f6d8eabcafe8 -> d:\demo\FREEPDB1\APPSDEMO\.git\objects\e4\1b9d44f455e4d12285093e5094f6d8eabcafe8
Moved file: D:\users\ianbo\Documents\Business\Bond-and-Pollard\Admin\IT\source-repository\oracle-appsdemo\.git\objects\e4\1d79134b01e009cfc5a474f4712444b47ccfb7 -> d:\demo\FREEPDB1\APPSDEMO\.git\objects\e4\1d79134b01e009cfc5a474f4712444b47ccfb7
Moved file: D:\users\ianbo\Documents\Business\Bond-and-Pollard\Admin\IT\source-repository\oracle-appsdemo\.git\objects\e4\49acd7f50a8b683005a444de33f8967ff2ab53 -> d:\demo\FREEPDB1\APPSDEMO\.git\objects\e4\49acd7f50a8b683005a444de33f8967ff2ab53
Moved file: D:\users\ianbo\Documents\Business\Bond-and-Pollard\Admin\IT\source-repository\oracle-appsdemo\.git\objects\e4\db0b0caeb34ad62288c4174edb357d9fcd97db -> d:\demo\FREEPDB1\APPSDEMO\.git\objects\e4\db0b0caeb34ad62288c4174edb357d9fcd97db
Moved file: D:\users\ianbo\Documents\Business\Bond-and-Pollard\Admin\IT\source-repository\oracle-appsdemo\.git\objects\e5\2cb12618457e4b62327a0f07761952dc441837 -> d:\demo\FREEPDB1\APPSDEMO\.git\objects\e5\2cb12618457e4b62327a0f07761952dc441837
Moved file: D:\users\ianbo\Documents\Business\Bond-and-Pollard\Admin\IT\source-repository\oracle-appsdemo\.git\objects\e6\3b2485b05833e46947edfb40032342551583cb -> d:\demo\FREEPDB1\APPSDEMO\.git\objects\e6\3b2485b05833e46947edfb40032342551583cb
Moved file: D:\users\ianbo\Documents\Business\Bond-and-Pollard\Admin\IT\source-repository\oracle-appsdemo\.git\objects\e7\5f8fc83e7cc82dbda14b158f5905f3edfee255 -> d:\demo\FREEPDB1\APPSDEMO\.git\objects\e7\5f8fc83e7cc82dbda14b158f5905f3edfee255
Moved file: D:\users\ianbo\Documents\Business\Bond-and-Pollard\Admin\IT\source-repository\oracle-appsdemo\.git\objects\e7\a436f740ccf3bd5ccd4963bfea1a5c610637e3 -> d:\demo\FREEPDB1\APPSDEMO\.git\objects\e7\a436f740ccf3bd5ccd4963bfea1a5c610637e3
Moved file: D:\users\ianbo\Documents\Business\Bond-and-Pollard\Admin\IT\source-repository\oracle-appsdemo\.git\objects\e9\01a49aa32cdbc79ca59336ef84b85beb94c980 -> d:\demo\FREEPDB1\APPSDEMO\.git\objects\e9\01a49aa32cdbc79ca59336ef84b85beb94c980
Moved file: D:\users\ianbo\Documents\Business\Bond-and-Pollard\Admin\IT\source-repository\oracle-appsdemo\.git\objects\e9\1cde7ccf9590c3d2c4baf78b7e2c422ee666ee -> d:\demo\FREEPDB1\APPSDEMO\.git\objects\e9\1cde7ccf9590c3d2c4baf78b7e2c422ee666ee
Moved file: D:\users\ianbo\Documents\Business\Bond-and-Pollard\Admin\IT\source-repository\oracle-appsdemo\.git\objects\e9\640aec28b071ca1a53667a8fc0f0d0ccefbefe -> d:\demo\FREEPDB1\APPSDEMO\.git\objects\e9\640aec28b071ca1a53667a8fc0f0d0ccefbefe
Moved file: D:\users\ianbo\Documents\Business\Bond-and-Pollard\Admin\IT\source-repository\oracle-appsdemo\.git\objects\e9\7ae611830521b10008a2cedd20932ee80c545c -> d:\demo\FREEPDB1\APPSDEMO\.git\objects\e9\7ae611830521b10008a2cedd20932ee80c545c
Moved file: D:\users\ianbo\Documents\Business\Bond-and-Pollard\Admin\IT\source-repository\oracle-appsdemo\.git\objects\ea\02cddd6ba5e5785700ed56409806ef95a400d5 -> d:\demo\FREEPDB1\APPSDEMO\.git\objects\ea\02cddd6ba5e5785700ed56409806ef95a400d5
Moved file: D:\users\ianbo\Documents\Business\Bond-and-Pollard\Admin\IT\source-repository\oracle-appsdemo\.git\objects\ea\2637e0224ad0b7f8c4defcb5945073b8882b2f -> d:\demo\FREEPDB1\APPSDEMO\.git\objects\ea\2637e0224ad0b7f8c4defcb5945073b8882b2f
Moved file: D:\users\ianbo\Documents\Business\Bond-and-Pollard\Admin\IT\source-repository\oracle-appsdemo\.git\objects\ea\84810f6df0fcb1a02e1cea2ab2d9af0408fbba -> d:\demo\FREEPDB1\APPSDEMO\.git\objects\ea\84810f6df0fcb1a02e1cea2ab2d9af0408fbba
Moved file: D:\users\ianbo\Documents\Business\Bond-and-Pollard\Admin\IT\source-repository\oracle-appsdemo\.git\objects\ea\9a5ccb06997316757ba86194dfa75e3e22af06 -> d:\demo\FREEPDB1\APPSDEMO\.git\objects\ea\9a5ccb06997316757ba86194dfa75e3e22af06
Moved file: D:\users\ianbo\Documents\Business\Bond-and-Pollard\Admin\IT\source-repository\oracle-appsdemo\.git\objects\eb\4c343c1b926c9271f056d9013f6356ab6a6d7f -> d:\demo\FREEPDB1\APPSDEMO\.git\objects\eb\4c343c1b926c9271f056d9013f6356ab6a6d7f
Moved file: D:\users\ianbo\Documents\Business\Bond-and-Pollard\Admin\IT\source-repository\oracle-appsdemo\.git\objects\eb\8544f5086788abd520730b264d6217f154fd09 -> d:\demo\FREEPDB1\APPSDEMO\.git\objects\eb\8544f5086788abd520730b264d6217f154fd09
Moved file: D:\users\ianbo\Documents\Business\Bond-and-Pollard\Admin\IT\source-repository\oracle-appsdemo\.git\objects\eb\fd92e3408388f044ce2953a479d6d651bc96a3 -> d:\demo\FREEPDB1\APPSDEMO\.git\objects\eb\fd92e3408388f044ce2953a479d6d651bc96a3
Moved file: D:\users\ianbo\Documents\Business\Bond-and-Pollard\Admin\IT\source-repository\oracle-appsdemo\.git\objects\ec\75f0101366974b6067badc259668ff3728de94 -> d:\demo\FREEPDB1\APPSDEMO\.git\objects\ec\75f0101366974b6067badc259668ff3728de94
Moved file: D:\users\ianbo\Documents\Business\Bond-and-Pollard\Admin\IT\source-repository\oracle-appsdemo\.git\objects\ec\892926ad0e1dcc9249a13a4d0f1dc40b64c1c6 -> d:\demo\FREEPDB1\APPSDEMO\.git\objects\ec\892926ad0e1dcc9249a13a4d0f1dc40b64c1c6
Moved file: D:\users\ianbo\Documents\Business\Bond-and-Pollard\Admin\IT\source-repository\oracle-appsdemo\.git\objects\ed\0354b65fee2b9d92381c9d1bb3adb8e6f0e262 -> d:\demo\FREEPDB1\APPSDEMO\.git\objects\ed\0354b65fee2b9d92381c9d1bb3adb8e6f0e262
Moved file: D:\users\ianbo\Documents\Business\Bond-and-Pollard\Admin\IT\source-repository\oracle-appsdemo\.git\objects\ed\60bd0172d1ae554c63c846e6c06b29cf58e8d2 -> d:\demo\FREEPDB1\APPSDEMO\.git\objects\ed\60bd0172d1ae554c63c846e6c06b29cf58e8d2
Moved file: D:\users\ianbo\Documents\Business\Bond-and-Pollard\Admin\IT\source-repository\oracle-appsdemo\.git\objects\ee\04e0fd1c586735efac33477dc15cf2923ef692 -> d:\demo\FREEPDB1\APPSDEMO\.git\objects\ee\04e0fd1c586735efac33477dc15cf2923ef692
Moved file: D:\users\ianbo\Documents\Business\Bond-and-Pollard\Admin\IT\source-repository\oracle-appsdemo\.git\objects\ee\81c3548c2658011057d0ecc07150cd851b4cd9 -> d:\demo\FREEPDB1\APPSDEMO\.git\objects\ee\81c3548c2658011057d0ecc07150cd851b4cd9
Moved file: D:\users\ianbo\Documents\Business\Bond-and-Pollard\Admin\IT\source-repository\oracle-appsdemo\.git\objects\ef\545f7da9705ad2f54f05a6a719973ab649e40b -> d:\demo\FREEPDB1\APPSDEMO\.git\objects\ef\545f7da9705ad2f54f05a6a719973ab649e40b
Moved file: D:\users\ianbo\Documents\Business\Bond-and-Pollard\Admin\IT\source-repository\oracle-appsdemo\.git\objects\ef\c09f17901e4e96dfac5fc10287670ba4f01b8b -> d:\demo\FREEPDB1\APPSDEMO\.git\objects\ef\c09f17901e4e96dfac5fc10287670ba4f01b8b
Moved file: D:\users\ianbo\Documents\Business\Bond-and-Pollard\Admin\IT\source-repository\oracle-appsdemo\.git\objects\ef\ca5186c304d258b5ce09c06a3e7208a0d3650d -> d:\demo\FREEPDB1\APPSDEMO\.git\objects\ef\ca5186c304d258b5ce09c06a3e7208a0d3650d
Moved file: D:\users\ianbo\Documents\Business\Bond-and-Pollard\Admin\IT\source-repository\oracle-appsdemo\.git\objects\f0\333e52e95e7e335b29807dc30d447fc64aa25a -> d:\demo\FREEPDB1\APPSDEMO\.git\objects\f0\333e52e95e7e335b29807dc30d447fc64aa25a
Moved file: D:\users\ianbo\Documents\Business\Bond-and-Pollard\Admin\IT\source-repository\oracle-appsdemo\.git\objects\f0\41278a7dc33266000f697ec19e12f8dc5d5da0 -> d:\demo\FREEPDB1\APPSDEMO\.git\objects\f0\41278a7dc33266000f697ec19e12f8dc5d5da0
Moved file: D:\users\ianbo\Documents\Business\Bond-and-Pollard\Admin\IT\source-repository\oracle-appsdemo\.git\objects\f0\b811661b7bc4008c73d2c8b2e7a83c20a889ff -> d:\demo\FREEPDB1\APPSDEMO\.git\objects\f0\b811661b7bc4008c73d2c8b2e7a83c20a889ff
Moved file: D:\users\ianbo\Documents\Business\Bond-and-Pollard\Admin\IT\source-repository\oracle-appsdemo\.git\objects\f0\b99a652481d9b4461eb1ae610da7b634563936 -> d:\demo\FREEPDB1\APPSDEMO\.git\objects\f0\b99a652481d9b4461eb1ae610da7b634563936
Moved file: D:\users\ianbo\Documents\Business\Bond-and-Pollard\Admin\IT\source-repository\oracle-appsdemo\.git\objects\f0\da4a7b004843e1af74c72be09a1ac4c72bc151 -> d:\demo\FREEPDB1\APPSDEMO\.git\objects\f0\da4a7b004843e1af74c72be09a1ac4c72bc151
Moved file: D:\users\ianbo\Documents\Business\Bond-and-Pollard\Admin\IT\source-repository\oracle-appsdemo\.git\objects\f1\17f56d7a842e228859c60c30588c46e63cb023 -> d:\demo\FREEPDB1\APPSDEMO\.git\objects\f1\17f56d7a842e228859c60c30588c46e63cb023
Moved file: D:\users\ianbo\Documents\Business\Bond-and-Pollard\Admin\IT\source-repository\oracle-appsdemo\.git\objects\f1\5078432769d97d9f804b67b82067edc29b30be -> d:\demo\FREEPDB1\APPSDEMO\.git\objects\f1\5078432769d97d9f804b67b82067edc29b30be
Moved file: D:\users\ianbo\Documents\Business\Bond-and-Pollard\Admin\IT\source-repository\oracle-appsdemo\.git\objects\f1\60a8455e21e58c30bbc133960e41aa29bb2097 -> d:\demo\FREEPDB1\APPSDEMO\.git\objects\f1\60a8455e21e58c30bbc133960e41aa29bb2097
Moved file: D:\users\ianbo\Documents\Business\Bond-and-Pollard\Admin\IT\source-repository\oracle-appsdemo\.git\objects\f2\8f8064e663088406fbe2b7b2a500d25c07d60e -> d:\demo\FREEPDB1\APPSDEMO\.git\objects\f2\8f8064e663088406fbe2b7b2a500d25c07d60e
Moved file: D:\users\ianbo\Documents\Business\Bond-and-Pollard\Admin\IT\source-repository\oracle-appsdemo\.git\objects\f3\23dae57a6a3eff53ed52c06f0e42f89f710ca4 -> d:\demo\FREEPDB1\APPSDEMO\.git\objects\f3\23dae57a6a3eff53ed52c06f0e42f89f710ca4
Moved file: D:\users\ianbo\Documents\Business\Bond-and-Pollard\Admin\IT\source-repository\oracle-appsdemo\.git\objects\f3\8c987ebdc2d0e53437161cbabfbf14d94f5cdb -> d:\demo\FREEPDB1\APPSDEMO\.git\objects\f3\8c987ebdc2d0e53437161cbabfbf14d94f5cdb
Moved file: D:\users\ianbo\Documents\Business\Bond-and-Pollard\Admin\IT\source-repository\oracle-appsdemo\.git\objects\f3\8d2edef69a72698f47110c523d0cf2cf841a0d -> d:\demo\FREEPDB1\APPSDEMO\.git\objects\f3\8d2edef69a72698f47110c523d0cf2cf841a0d
Moved file: D:\users\ianbo\Documents\Business\Bond-and-Pollard\Admin\IT\source-repository\oracle-appsdemo\.git\objects\f3\d1f35774a523504946bc688e852fe49f88394e -> d:\demo\FREEPDB1\APPSDEMO\.git\objects\f3\d1f35774a523504946bc688e852fe49f88394e
Moved file: D:\users\ianbo\Documents\Business\Bond-and-Pollard\Admin\IT\source-repository\oracle-appsdemo\.git\objects\f3\db2e5673447202232eb053f9be72040102d51b -> d:\demo\FREEPDB1\APPSDEMO\.git\objects\f3\db2e5673447202232eb053f9be72040102d51b
Moved file: D:\users\ianbo\Documents\Business\Bond-and-Pollard\Admin\IT\source-repository\oracle-appsdemo\.git\objects\f4\3b004b70131f28436b49ad14d2a073065369b5 -> d:\demo\FREEPDB1\APPSDEMO\.git\objects\f4\3b004b70131f28436b49ad14d2a073065369b5
Moved file: D:\users\ianbo\Documents\Business\Bond-and-Pollard\Admin\IT\source-repository\oracle-appsdemo\.git\objects\f4\4002a6a568cd5811c99df85d5824bfd054a3ef -> d:\demo\FREEPDB1\APPSDEMO\.git\objects\f4\4002a6a568cd5811c99df85d5824bfd054a3ef
Moved file: D:\users\ianbo\Documents\Business\Bond-and-Pollard\Admin\IT\source-repository\oracle-appsdemo\.git\objects\f4\8af1d3347f6f83571597b15873f80d8fec5702 -> d:\demo\FREEPDB1\APPSDEMO\.git\objects\f4\8af1d3347f6f83571597b15873f80d8fec5702
Moved file: D:\users\ianbo\Documents\Business\Bond-and-Pollard\Admin\IT\source-repository\oracle-appsdemo\.git\objects\f5\02c877dd7707d265a15a5f843e38f11d875951 -> d:\demo\FREEPDB1\APPSDEMO\.git\objects\f5\02c877dd7707d265a15a5f843e38f11d875951
Moved file: D:\users\ianbo\Documents\Business\Bond-and-Pollard\Admin\IT\source-repository\oracle-appsdemo\.git\objects\f5\8e49800ec99ce80cc4f8a686608334e6074f5e -> d:\demo\FREEPDB1\APPSDEMO\.git\objects\f5\8e49800ec99ce80cc4f8a686608334e6074f5e
Moved file: D:\users\ianbo\Documents\Business\Bond-and-Pollard\Admin\IT\source-repository\oracle-appsdemo\.git\objects\f5\d197a353f6c385135778f722939cf10a5ac114 -> d:\demo\FREEPDB1\APPSDEMO\.git\objects\f5\d197a353f6c385135778f722939cf10a5ac114
Moved file: D:\users\ianbo\Documents\Business\Bond-and-Pollard\Admin\IT\source-repository\oracle-appsdemo\.git\objects\f5\d5fa5856d616d54f75f2dd681815ba4c430838 -> d:\demo\FREEPDB1\APPSDEMO\.git\objects\f5\d5fa5856d616d54f75f2dd681815ba4c430838
Moved file: D:\users\ianbo\Documents\Business\Bond-and-Pollard\Admin\IT\source-repository\oracle-appsdemo\.git\objects\f5\e614528ceaa02a5f79feed352c03891355cad5 -> d:\demo\FREEPDB1\APPSDEMO\.git\objects\f5\e614528ceaa02a5f79feed352c03891355cad5
Moved file: D:\users\ianbo\Documents\Business\Bond-and-Pollard\Admin\IT\source-repository\oracle-appsdemo\.git\objects\f5\f7ea42bbd5d82c08614ae69b836ae7d3c2b0d1 -> d:\demo\FREEPDB1\APPSDEMO\.git\objects\f5\f7ea42bbd5d82c08614ae69b836ae7d3c2b0d1
Moved file: D:\users\ianbo\Documents\Business\Bond-and-Pollard\Admin\IT\source-repository\oracle-appsdemo\.git\objects\f6\1c7f71d13dcc152410e4c6a4890f2a62ce484d -> d:\demo\FREEPDB1\APPSDEMO\.git\objects\f6\1c7f71d13dcc152410e4c6a4890f2a62ce484d
Moved file: D:\users\ianbo\Documents\Business\Bond-and-Pollard\Admin\IT\source-repository\oracle-appsdemo\.git\objects\f6\82a86e494566e70c30ddbf09e393491541d642 -> d:\demo\FREEPDB1\APPSDEMO\.git\objects\f6\82a86e494566e70c30ddbf09e393491541d642
Moved file: D:\users\ianbo\Documents\Business\Bond-and-Pollard\Admin\IT\source-repository\oracle-appsdemo\.git\objects\f6\aed7fc68de6337be0c77227757885a3f96fa1c -> d:\demo\FREEPDB1\APPSDEMO\.git\objects\f6\aed7fc68de6337be0c77227757885a3f96fa1c
Moved file: D:\users\ianbo\Documents\Business\Bond-and-Pollard\Admin\IT\source-repository\oracle-appsdemo\.git\objects\f7\95af92156c71e7d9d7005c28cfc60a4174608c -> d:\demo\FREEPDB1\APPSDEMO\.git\objects\f7\95af92156c71e7d9d7005c28cfc60a4174608c
Moved file: D:\users\ianbo\Documents\Business\Bond-and-Pollard\Admin\IT\source-repository\oracle-appsdemo\.git\objects\f7\da8a316ec2be5bde9c9171c97eabb16ff7b927 -> d:\demo\FREEPDB1\APPSDEMO\.git\objects\f7\da8a316ec2be5bde9c9171c97eabb16ff7b927
Moved file: D:\users\ianbo\Documents\Business\Bond-and-Pollard\Admin\IT\source-repository\oracle-appsdemo\.git\objects\f8\08eb1d658e874af82998de7e5bdf0b77206ba8 -> d:\demo\FREEPDB1\APPSDEMO\.git\objects\f8\08eb1d658e874af82998de7e5bdf0b77206ba8
Moved file: D:\users\ianbo\Documents\Business\Bond-and-Pollard\Admin\IT\source-repository\oracle-appsdemo\.git\objects\f8\485f936b37d4a29ca3f52c3a6bd22e7db761dd -> d:\demo\FREEPDB1\APPSDEMO\.git\objects\f8\485f936b37d4a29ca3f52c3a6bd22e7db761dd
Moved file: D:\users\ianbo\Documents\Business\Bond-and-Pollard\Admin\IT\source-repository\oracle-appsdemo\.git\objects\f8\9236c235593cc256b6d38ee1e08f7b29e732d8 -> d:\demo\FREEPDB1\APPSDEMO\.git\objects\f8\9236c235593cc256b6d38ee1e08f7b29e732d8
Moved file: D:\users\ianbo\Documents\Business\Bond-and-Pollard\Admin\IT\source-repository\oracle-appsdemo\.git\objects\f8\fc7df11305f299d1dc18a6b2fb082b4cb0d3e7 -> d:\demo\FREEPDB1\APPSDEMO\.git\objects\f8\fc7df11305f299d1dc18a6b2fb082b4cb0d3e7
Moved file: D:\users\ianbo\Documents\Business\Bond-and-Pollard\Admin\IT\source-repository\oracle-appsdemo\.git\objects\f9\4e55873a1aab073bd014f8578f98d21ba1f02d -> d:\demo\FREEPDB1\APPSDEMO\.git\objects\f9\4e55873a1aab073bd014f8578f98d21ba1f02d
Moved file: D:\users\ianbo\Documents\Business\Bond-and-Pollard\Admin\IT\source-repository\oracle-appsdemo\.git\objects\f9\5f0932ba75b40b858a876d98574765687576fe -> d:\demo\FREEPDB1\APPSDEMO\.git\objects\f9\5f0932ba75b40b858a876d98574765687576fe
Moved file: D:\users\ianbo\Documents\Business\Bond-and-Pollard\Admin\IT\source-repository\oracle-appsdemo\.git\objects\f9\75a7ab5232c6c9c940f0246e174e076fac0f16 -> d:\demo\FREEPDB1\APPSDEMO\.git\objects\f9\75a7ab5232c6c9c940f0246e174e076fac0f16
Moved file: D:\users\ianbo\Documents\Business\Bond-and-Pollard\Admin\IT\source-repository\oracle-appsdemo\.git\objects\f9\8fad27214d9023292d18a0601aff4889603ec7 -> d:\demo\FREEPDB1\APPSDEMO\.git\objects\f9\8fad27214d9023292d18a0601aff4889603ec7
Moved file: D:\users\ianbo\Documents\Business\Bond-and-Pollard\Admin\IT\source-repository\oracle-appsdemo\.git\objects\fa\1e78d96c1c39f5164a9c869f1d784bc203201f -> d:\demo\FREEPDB1\APPSDEMO\.git\objects\fa\1e78d96c1c39f5164a9c869f1d784bc203201f
Moved file: D:\users\ianbo\Documents\Business\Bond-and-Pollard\Admin\IT\source-repository\oracle-appsdemo\.git\objects\fa\264be7d8117994f3df10e4bc6952adf0746447 -> d:\demo\FREEPDB1\APPSDEMO\.git\objects\fa\264be7d8117994f3df10e4bc6952adf0746447
Moved file: D:\users\ianbo\Documents\Business\Bond-and-Pollard\Admin\IT\source-repository\oracle-appsdemo\.git\objects\fa\87e47c0a2bdac5a943f17e60c8f3bb91db5f12 -> d:\demo\FREEPDB1\APPSDEMO\.git\objects\fa\87e47c0a2bdac5a943f17e60c8f3bb91db5f12
Moved file: D:\users\ianbo\Documents\Business\Bond-and-Pollard\Admin\IT\source-repository\oracle-appsdemo\.git\objects\fa\9f9bae1802a23bc18aa0d8330d41c7caa8f3d9 -> d:\demo\FREEPDB1\APPSDEMO\.git\objects\fa\9f9bae1802a23bc18aa0d8330d41c7caa8f3d9
Moved file: D:\users\ianbo\Documents\Business\Bond-and-Pollard\Admin\IT\source-repository\oracle-appsdemo\.git\objects\fa\d9fdc3820c7ca0f2af2c42124519a0f2c6e52c -> d:\demo\FREEPDB1\APPSDEMO\.git\objects\fa\d9fdc3820c7ca0f2af2c42124519a0f2c6e52c
Moved file: D:\users\ianbo\Documents\Business\Bond-and-Pollard\Admin\IT\source-repository\oracle-appsdemo\.git\objects\fb\10a365d4c607b0fbccf73ec7c195ef559ba6ee -> d:\demo\FREEPDB1\APPSDEMO\.git\objects\fb\10a365d4c607b0fbccf73ec7c195ef559ba6ee
Moved file: D:\users\ianbo\Documents\Business\Bond-and-Pollard\Admin\IT\source-repository\oracle-appsdemo\.git\objects\fb\167bbcf0532ccc944dc004a9886e9446fce915 -> d:\demo\FREEPDB1\APPSDEMO\.git\objects\fb\167bbcf0532ccc944dc004a9886e9446fce915
Moved file: D:\users\ianbo\Documents\Business\Bond-and-Pollard\Admin\IT\source-repository\oracle-appsdemo\.git\objects\fb\5a1679ed2b9b6d6d0718e2537eb12b24fed955 -> d:\demo\FREEPDB1\APPSDEMO\.git\objects\fb\5a1679ed2b9b6d6d0718e2537eb12b24fed955
Moved file: D:\users\ianbo\Documents\Business\Bond-and-Pollard\Admin\IT\source-repository\oracle-appsdemo\.git\objects\fc\276607bc7443c12857e7282e08f13ef6de7590 -> d:\demo\FREEPDB1\APPSDEMO\.git\objects\fc\276607bc7443c12857e7282e08f13ef6de7590
Moved file: D:\users\ianbo\Documents\Business\Bond-and-Pollard\Admin\IT\source-repository\oracle-appsdemo\.git\objects\fd\e026690cfa247db504744e302e355b8cec76c3 -> d:\demo\FREEPDB1\APPSDEMO\.git\objects\fd\e026690cfa247db504744e302e355b8cec76c3
Moved file: D:\users\ianbo\Documents\Business\Bond-and-Pollard\Admin\IT\source-repository\oracle-appsdemo\.git\objects\fe\6b0f9d30631f58bbb77e325c51a937af447c6a -> d:\demo\FREEPDB1\APPSDEMO\.git\objects\fe\6b0f9d30631f58bbb77e325c51a937af447c6a
Moved file: D:\users\ianbo\Documents\Business\Bond-and-Pollard\Admin\IT\source-repository\oracle-appsdemo\.git\objects\fe\8276fffc2d7da833db5fe1e199109fd749bc70 -> d:\demo\FREEPDB1\APPSDEMO\.git\objects\fe\8276fffc2d7da833db5fe1e199109fd749bc70
Moved file: D:\users\ianbo\Documents\Business\Bond-and-Pollard\Admin\IT\source-repository\oracle-appsdemo\.git\objects\fe\8d6f9eb29eeb16adcd8b1ebbdc17cf3518a320 -> d:\demo\FREEPDB1\APPSDEMO\.git\objects\fe\8d6f9eb29eeb16adcd8b1ebbdc17cf3518a320
Moved file: D:\users\ianbo\Documents\Business\Bond-and-Pollard\Admin\IT\source-repository\oracle-appsdemo\.git\objects\fe\8f42f01c1993923c314cc23677d8c264fa991b -> d:\demo\FREEPDB1\APPSDEMO\.git\objects\fe\8f42f01c1993923c314cc23677d8c264fa991b
Moved file: D:\users\ianbo\Documents\Business\Bond-and-Pollard\Admin\IT\source-repository\oracle-appsdemo\.git\objects\fe\d2be7391996b729b58942013e2c7cb4a5ac9fd -> d:\demo\FREEPDB1\APPSDEMO\.git\objects\fe\d2be7391996b729b58942013e2c7cb4a5ac9fd
Moved file: D:\users\ianbo\Documents\Business\Bond-and-Pollard\Admin\IT\source-repository\oracle-appsdemo\.git\objects\fe\e1ccf6ef59648d3dfed070c4982168370b754f -> d:\demo\FREEPDB1\APPSDEMO\.git\objects\fe\e1ccf6ef59648d3dfed070c4982168370b754f
Moved file: D:\users\ianbo\Documents\Business\Bond-and-Pollard\Admin\IT\source-repository\oracle-appsdemo\.git\objects\fe\fde58b9b66d3cb6a3423b73912410966525538 -> d:\demo\FREEPDB1\APPSDEMO\.git\objects\fe\fde58b9b66d3cb6a3423b73912410966525538
Moved file: D:\users\ianbo\Documents\Business\Bond-and-Pollard\Admin\IT\source-repository\oracle-appsdemo\.git\objects\fe\fec94e58e4ce164d6e0cedff15d9a5ed1ef46b -> d:\demo\FREEPDB1\APPSDEMO\.git\objects\fe\fec94e58e4ce164d6e0cedff15d9a5ed1ef46b
Moved file: D:\users\ianbo\Documents\Business\Bond-and-Pollard\Admin\IT\source-repository\oracle-appsdemo\.git\objects\ff\188cfc1a12f7c915dc901a87b7028c591b60dc -> d:\demo\FREEPDB1\APPSDEMO\.git\objects\ff\188cfc1a12f7c915dc901a87b7028c591b60dc
Moved file: D:\users\ianbo\Documents\Business\Bond-and-Pollard\Admin\IT\source-repository\oracle-appsdemo\.git\objects\ff\19592d4a6019c920825d106f4c5ff9f47384da -> d:\demo\FREEPDB1\APPSDEMO\.git\objects\ff\19592d4a6019c920825d106f4c5ff9f47384da
Moved file: D:\users\ianbo\Documents\Business\Bond-and-Pollard\Admin\IT\source-repository\oracle-appsdemo\.git\ORIG_HEAD -> d:\demo\FREEPDB1\APPSDEMO\.git\ORIG_HEAD
Moved file: D:\users\ianbo\Documents\Business\Bond-and-Pollard\Admin\IT\source-repository\oracle-appsdemo\.git\refs\heads\main -> d:\demo\FREEPDB1\APPSDEMO\.git\refs\heads\main
Moved file: D:\users\ianbo\Documents\Business\Bond-and-Pollard\Admin\IT\source-repository\oracle-appsdemo\.git\refs\remotes\origin\HEAD -> d:\demo\FREEPDB1\APPSDEMO\.git\refs\remotes\origin\HEAD
Moved file: D:\users\ianbo\Documents\Business\Bond-and-Pollard\Admin\IT\source-repository\oracle-appsdemo\.git\refs\remotes\origin\main -> d:\demo\FREEPDB1\APPSDEMO\.git\refs\remotes\origin\main
Moved file: D:\users\ianbo\Documents\Business\Bond-and-Pollard\Admin\IT\source-repository\oracle-appsdemo\admin\all_users.sql -> d:\demo\FREEPDB1\APPSDEMO\admin\all_users.sql
Moved file: D:\users\ianbo\Documents\Business\Bond-and-Pollard\Admin\IT\source-repository\oracle-appsdemo\admin\amend_db\amend_import_tables key_value.sql -> d:\demo\FREEPDB1\APPSDEMO\admin\amend_db\amend_import_tables key_value.sql
Moved file: D:\users\ianbo\Documents\Business\Bond-and-Pollard\Admin\IT\source-repository\oracle-appsdemo\admin\amend_db\amend_import_tables.sql -> d:\demo\FREEPDB1\APPSDEMO\admin\amend_db\amend_import_tables.sql
Moved file: D:\users\ianbo\Documents\Business\Bond-and-Pollard\Admin\IT\source-repository\oracle-appsdemo\admin\amend_db\stats.sql -> d:\demo\FREEPDB1\APPSDEMO\admin\amend_db\stats.sql
Moved file: D:\users\ianbo\Documents\Business\Bond-and-Pollard\Admin\IT\source-repository\oracle-appsdemo\admin\check_time.sql -> d:\demo\FREEPDB1\APPSDEMO\admin\check_time.sql
Moved file: D:\users\ianbo\Documents\Business\Bond-and-Pollard\Admin\IT\source-repository\oracle-appsdemo\admin\check_user_privileges.sql -> d:\demo\FREEPDB1\APPSDEMO\admin\check_user_privileges.sql
Moved file: D:\users\ianbo\Documents\Business\Bond-and-Pollard\Admin\IT\source-repository\oracle-appsdemo\admin\create_developer.sql -> d:\demo\FREEPDB1\APPSDEMO\admin\create_developer.sql
Moved file: D:\users\ianbo\Documents\Business\Bond-and-Pollard\Admin\IT\source-repository\oracle-appsdemo\admin\current_database_connected.sql -> d:\demo\FREEPDB1\APPSDEMO\admin\current_database_connected.sql
Moved file: D:\users\ianbo\Documents\Business\Bond-and-Pollard\Admin\IT\source-repository\oracle-appsdemo\admin\current_user.sql -> d:\demo\FREEPDB1\APPSDEMO\admin\current_user.sql
Moved file: D:\users\ianbo\Documents\Business\Bond-and-Pollard\Admin\IT\source-repository\oracle-appsdemo\admin\database_status.sql -> d:\demo\FREEPDB1\APPSDEMO\admin\database_status.sql
Moved file: D:\users\ianbo\Documents\Business\Bond-and-Pollard\Admin\IT\source-repository\oracle-appsdemo\admin\db_views.sql -> d:\demo\FREEPDB1\APPSDEMO\admin\db_views.sql
Moved file: D:\users\ianbo\Documents\Business\Bond-and-Pollard\Admin\IT\source-repository\oracle-appsdemo\admin\directories.sql -> d:\demo\FREEPDB1\APPSDEMO\admin\directories.sql
Moved file: D:\users\ianbo\Documents\Business\Bond-and-Pollard\Admin\IT\source-repository\oracle-appsdemo\admin\drop_packages.sql -> d:\demo\FREEPDB1\APPSDEMO\admin\drop_packages.sql
Moved file: D:\users\ianbo\Documents\Business\Bond-and-Pollard\Admin\IT\source-repository\oracle-appsdemo\admin\fix_listener.sql -> d:\demo\FREEPDB1\APPSDEMO\admin\fix_listener.sql
Moved file: D:\users\ianbo\Documents\Business\Bond-and-Pollard\Admin\IT\source-repository\oracle-appsdemo\admin\invalid objects.sql -> d:\demo\FREEPDB1\APPSDEMO\admin\invalid objects.sql
Moved file: D:\users\ianbo\Documents\Business\Bond-and-Pollard\Admin\IT\source-repository\oracle-appsdemo\admin\lock_schema.sql -> d:\demo\FREEPDB1\APPSDEMO\admin\lock_schema.sql
Moved file: D:\users\ianbo\Documents\Business\Bond-and-Pollard\Admin\IT\source-repository\oracle-appsdemo\admin\passwords_expired.sql -> d:\demo\FREEPDB1\APPSDEMO\admin\passwords_expired.sql
Moved file: D:\users\ianbo\Documents\Business\Bond-and-Pollard\Admin\IT\source-repository\oracle-appsdemo\admin\recompile_plsql_packages.sql -> d:\demo\FREEPDB1\APPSDEMO\admin\recompile_plsql_packages.sql
Moved file: D:\users\ianbo\Documents\Business\Bond-and-Pollard\Admin\IT\source-repository\oracle-appsdemo\admin\set_directories.sql -> d:\demo\FREEPDB1\APPSDEMO\admin\set_directories.sql
Moved file: D:\users\ianbo\Documents\Business\Bond-and-Pollard\Admin\IT\source-repository\oracle-appsdemo\admin\set_password.sql -> d:\demo\FREEPDB1\APPSDEMO\admin\set_password.sql
Moved file: D:\users\ianbo\Documents\Business\Bond-and-Pollard\Admin\IT\source-repository\oracle-appsdemo\admin\show grants.sql -> d:\demo\FREEPDB1\APPSDEMO\admin\show grants.sql
Moved file: D:\users\ianbo\Documents\Business\Bond-and-Pollard\Admin\IT\source-repository\oracle-appsdemo\admin\startup.sql -> d:\demo\FREEPDB1\APPSDEMO\admin\startup.sql
Moved file: D:\users\ianbo\Documents\Business\Bond-and-Pollard\Admin\IT\source-repository\oracle-appsdemo\admin\test\demo_connect_user.sql -> d:\demo\FREEPDB1\APPSDEMO\admin\test\demo_connect_user.sql
Moved file: D:\users\ianbo\Documents\Business\Bond-and-Pollard\Admin\IT\source-repository\oracle-appsdemo\admin\unlock_schema.sql -> d:\demo\FREEPDB1\APPSDEMO\admin\unlock_schema.sql
Moved file: D:\users\ianbo\Documents\Business\Bond-and-Pollard\Admin\IT\source-repository\oracle-appsdemo\bin\placeholder-bin.md -> d:\demo\FREEPDB1\APPSDEMO\bin\placeholder-bin.md
Moved file: D:\users\ianbo\Documents\Business\Bond-and-Pollard\Admin\IT\source-repository\oracle-appsdemo\com\import_demo.bat -> d:\demo\FREEPDB1\APPSDEMO\com\import_demo.bat
Moved file: D:\users\ianbo\Documents\Business\Bond-and-Pollard\Admin\IT\source-repository\oracle-appsdemo\com\import_order.bat -> d:\demo\FREEPDB1\APPSDEMO\com\import_order.bat
Moved file: D:\users\ianbo\Documents\Business\Bond-and-Pollard\Admin\IT\source-repository\oracle-appsdemo\com\import_stats.bat -> d:\demo\FREEPDB1\APPSDEMO\com\import_stats.bat
Moved file: D:\users\ianbo\Documents\Business\Bond-and-Pollard\Admin\IT\source-repository\oracle-appsdemo\com\ords_install.bat -> d:\demo\FREEPDB1\APPSDEMO\com\ords_install.bat
Moved file: D:\users\ianbo\Documents\Business\Bond-and-Pollard\Admin\IT\source-repository\oracle-appsdemo\com\startora.bat -> d:\demo\FREEPDB1\APPSDEMO\com\startora.bat
Moved file: D:\users\ianbo\Documents\Business\Bond-and-Pollard\Admin\IT\source-repository\oracle-appsdemo\config\set_env.bat -> d:\demo\FREEPDB1\APPSDEMO\config\set_env.bat
Moved file: D:\users\ianbo\Documents\Business\Bond-and-Pollard\Admin\IT\source-repository\oracle-appsdemo\config\set_env.sql -> d:\demo\FREEPDB1\APPSDEMO\config\set_env.sql
...Skipping data directory during move
Moved file: D:\users\ianbo\Documents\Business\Bond-and-Pollard\Admin\IT\source-repository\oracle-appsdemo\documentation\Change Control\20220828 Schema Changes.docx -> d:\demo\FREEPDB1\APPSDEMO\documentation\Change Control\20220828 Schema Changes.docx
Moved file: D:\users\ianbo\Documents\Business\Bond-and-Pollard\Admin\IT\source-repository\oracle-appsdemo\documentation\Change Control\20230417 Security Improvements.docx -> d:\demo\FREEPDB1\APPSDEMO\documentation\Change Control\20230417 Security Improvements.docx
Moved file: D:\users\ianbo\Documents\Business\Bond-and-Pollard\Admin\IT\source-repository\oracle-appsdemo\documentation\CSV Import\generic CSV Tech Spec.docx -> d:\demo\FREEPDB1\APPSDEMO\documentation\CSV Import\generic CSV Tech Spec.docx
Moved file: D:\users\ianbo\Documents\Business\Bond-and-Pollard\Admin\IT\source-repository\oracle-appsdemo\documentation\CSV Import\generic CSV Tech Spec.pdf -> d:\demo\FREEPDB1\APPSDEMO\documentation\CSV Import\generic CSV Tech Spec.pdf
Moved file: D:\users\ianbo\Documents\Business\Bond-and-Pollard\Admin\IT\source-repository\oracle-appsdemo\documentation\CSV Import\Import Order CSV Tech Spec.docx -> d:\demo\FREEPDB1\APPSDEMO\documentation\CSV Import\Import Order CSV Tech Spec.docx
Moved file: D:\users\ianbo\Documents\Business\Bond-and-Pollard\Admin\IT\source-repository\oracle-appsdemo\documentation\CSV Import\Import Order CSV Tech Spec.pdf -> d:\demo\FREEPDB1\APPSDEMO\documentation\CSV Import\Import Order CSV Tech Spec.pdf
Moved file: D:\users\ianbo\Documents\Business\Bond-and-Pollard\Admin\IT\source-repository\oracle-appsdemo\documentation\CSV Import\Import Order User Guide.docx -> d:\demo\FREEPDB1\APPSDEMO\documentation\CSV Import\Import Order User Guide.docx
Moved file: D:\users\ianbo\Documents\Business\Bond-and-Pollard\Admin\IT\source-repository\oracle-appsdemo\documentation\CSV Import\Import Order User Guide.pdf -> d:\demo\FREEPDB1\APPSDEMO\documentation\CSV Import\Import Order User Guide.pdf
Moved file: D:\users\ianbo\Documents\Business\Bond-and-Pollard\Admin\IT\source-repository\oracle-appsdemo\documentation\Data Model\appsdemo\businessinfo\Business Information.xml -> d:\demo\FREEPDB1\APPSDEMO\documentation\Data Model\appsdemo\businessinfo\Business Information.xml
Moved file: D:\users\ianbo\Documents\Business\Bond-and-Pollard\Admin\IT\source-repository\oracle-appsdemo\documentation\Data Model\appsdemo\businessinfo\Objects.local -> d:\demo\FREEPDB1\APPSDEMO\documentation\Data Model\appsdemo\businessinfo\Objects.local
Moved file: D:\users\ianbo\Documents\Business\Bond-and-Pollard\Admin\IT\source-repository\oracle-appsdemo\documentation\Data Model\appsdemo\ChangeRequests.local -> d:\demo\FREEPDB1\APPSDEMO\documentation\Data Model\appsdemo\ChangeRequests.local
Moved file: D:\users\ianbo\Documents\Business\Bond-and-Pollard\Admin\IT\source-repository\oracle-appsdemo\documentation\Data Model\appsdemo\datatypes\DataTypes.xml -> d:\demo\FREEPDB1\APPSDEMO\documentation\Data Model\appsdemo\datatypes\DataTypes.xml
Moved file: D:\users\ianbo\Documents\Business\Bond-and-Pollard\Admin\IT\source-repository\oracle-appsdemo\documentation\Data Model\appsdemo\datatypes\DDLSelection.local -> d:\demo\FREEPDB1\APPSDEMO\documentation\Data Model\appsdemo\datatypes\DDLSelection.local
Moved file: D:\users\ianbo\Documents\Business\Bond-and-Pollard\Admin\IT\source-repository\oracle-appsdemo\documentation\Data Model\appsdemo\datatypes\Diagrams.local -> d:\demo\FREEPDB1\APPSDEMO\documentation\Data Model\appsdemo\datatypes\Diagrams.local
Moved file: D:\users\ianbo\Documents\Business\Bond-and-Pollard\Admin\IT\source-repository\oracle-appsdemo\documentation\Data Model\appsdemo\datatypes\Objects.local -> d:\demo\FREEPDB1\APPSDEMO\documentation\Data Model\appsdemo\datatypes\Objects.local
Moved file: D:\users\ianbo\Documents\Business\Bond-and-Pollard\Admin\IT\source-repository\oracle-appsdemo\documentation\Data Model\appsdemo\datatypes\structuredtype\seg_0\47E390DE-0671-C4B1-8428-0F45CBEE18F8.xml -> d:\demo\FREEPDB1\APPSDEMO\documentation\Data Model\appsdemo\datatypes\structuredtype\seg_0\47E390DE-0671-C4B1-8428-0F45CBEE18F8.xml
Moved file: D:\users\ianbo\Documents\Business\Bond-and-Pollard\Admin\IT\source-repository\oracle-appsdemo\documentation\Data Model\appsdemo\datatypes\structuredtype\seg_0\F72C39E0-D1CA-8821-2AD7-A1E95A37D3D1.xml -> d:\demo\FREEPDB1\APPSDEMO\documentation\Data Model\appsdemo\datatypes\structuredtype\seg_0\F72C39E0-D1CA-8821-2AD7-A1E95A37D3D1.xml
Moved file: D:\users\ianbo\Documents\Business\Bond-and-Pollard\Admin\IT\source-repository\oracle-appsdemo\documentation\Data Model\appsdemo\datatypes\subviews\EA9D3688-ACD1-931F-7DB6-FFCAEBD76C86.xml -> d:\demo\FREEPDB1\APPSDEMO\documentation\Data Model\appsdemo\datatypes\subviews\EA9D3688-ACD1-931F-7DB6-FFCAEBD76C86.xml
Moved file: D:\users\ianbo\Documents\Business\Bond-and-Pollard\Admin\IT\source-repository\oracle-appsdemo\documentation\Data Model\appsdemo\dl_settings.xml -> d:\demo\FREEPDB1\APPSDEMO\documentation\Data Model\appsdemo\dl_settings.xml
Moved file: D:\users\ianbo\Documents\Business\Bond-and-Pollard\Admin\IT\source-repository\oracle-appsdemo\documentation\Data Model\appsdemo\dmd_open.local -> d:\demo\FREEPDB1\APPSDEMO\documentation\Data Model\appsdemo\dmd_open.local
Moved file: D:\users\ianbo\Documents\Business\Bond-and-Pollard\Admin\IT\source-repository\oracle-appsdemo\documentation\Data Model\appsdemo\files\x -> d:\demo\FREEPDB1\APPSDEMO\documentation\Data Model\appsdemo\files\x
Moved file: D:\users\ianbo\Documents\Business\Bond-and-Pollard\Admin\IT\source-repository\oracle-appsdemo\documentation\Data Model\appsdemo\logical\Diagrams.local -> d:\demo\FREEPDB1\APPSDEMO\documentation\Data Model\appsdemo\logical\Diagrams.local
Moved file: D:\users\ianbo\Documents\Business\Bond-and-Pollard\Admin\IT\source-repository\oracle-appsdemo\documentation\Data Model\appsdemo\logical\Logical.xml -> d:\demo\FREEPDB1\APPSDEMO\documentation\Data Model\appsdemo\logical\Logical.xml
Moved file: D:\users\ianbo\Documents\Business\Bond-and-Pollard\Admin\IT\source-repository\oracle-appsdemo\documentation\Data Model\appsdemo\logical\Objects.local -> d:\demo\FREEPDB1\APPSDEMO\documentation\Data Model\appsdemo\logical\Objects.local
Moved file: D:\users\ianbo\Documents\Business\Bond-and-Pollard\Admin\IT\source-repository\oracle-appsdemo\documentation\Data Model\appsdemo\logical\subviews\E1E67FE0-63A3-0474-0E44-BBE9C1B430B9.xml -> d:\demo\FREEPDB1\APPSDEMO\documentation\Data Model\appsdemo\logical\subviews\E1E67FE0-63A3-0474-0E44-BBE9C1B430B9.xml
Moved file: D:\users\ianbo\Documents\Business\Bond-and-Pollard\Admin\IT\source-repository\oracle-appsdemo\documentation\Data Model\appsdemo\mapping\DeletedMap_RM01E686B0-C18E-E179-0704-B96AD8048FAF.xml -> d:\demo\FREEPDB1\APPSDEMO\documentation\Data Model\appsdemo\mapping\DeletedMap_RM01E686B0-C18E-E179-0704-B96AD8048FAF.xml
Moved file: D:\users\ianbo\Documents\Business\Bond-and-Pollard\Admin\IT\source-repository\oracle-appsdemo\documentation\Data Model\appsdemo\mapping\ExtendedMap.xml -> d:\demo\FREEPDB1\APPSDEMO\documentation\Data Model\appsdemo\mapping\ExtendedMap.xml
Moved file: D:\users\ianbo\Documents\Business\Bond-and-Pollard\Admin\IT\source-repository\oracle-appsdemo\documentation\Data Model\appsdemo\mapping\ExtendedMap_RM01E686B0-C18E-E179-0704-B96AD8048FAF.xml -> d:\demo\FREEPDB1\APPSDEMO\documentation\Data Model\appsdemo\mapping\ExtendedMap_RM01E686B0-C18E-E179-0704-B96AD8048FAF.xml
Moved file: D:\users\ianbo\Documents\Business\Bond-and-Pollard\Admin\IT\source-repository\oracle-appsdemo\documentation\Data Model\appsdemo\pm\Objects.local -> d:\demo\FREEPDB1\APPSDEMO\documentation\Data Model\appsdemo\pm\Objects.local
Moved file: D:\users\ianbo\Documents\Business\Bond-and-Pollard\Admin\IT\source-repository\oracle-appsdemo\documentation\Data Model\appsdemo\pm\Process Model.xml -> d:\demo\FREEPDB1\APPSDEMO\documentation\Data Model\appsdemo\pm\Process Model.xml
Moved file: D:\users\ianbo\Documents\Business\Bond-and-Pollard\Admin\IT\source-repository\oracle-appsdemo\documentation\Data Model\appsdemo\rdbms\appsdemo_RDBMSSites.xml -> d:\demo\FREEPDB1\APPSDEMO\documentation\Data Model\appsdemo\rdbms\appsdemo_RDBMSSites.xml
Moved file: D:\users\ianbo\Documents\Business\Bond-and-Pollard\Admin\IT\source-repository\oracle-appsdemo\documentation\Data Model\appsdemo\rel\01E686B0-B96AD8048FAF\DDLSelection.local -> d:\demo\FREEPDB1\APPSDEMO\documentation\Data Model\appsdemo\rel\01E686B0-B96AD8048FAF\DDLSelection.local
Moved file: D:\users\ianbo\Documents\Business\Bond-and-Pollard\Admin\IT\source-repository\oracle-appsdemo\documentation\Data Model\appsdemo\rel\01E686B0-B96AD8048FAF\Diagrams.local -> d:\demo\FREEPDB1\APPSDEMO\documentation\Data Model\appsdemo\rel\01E686B0-B96AD8048FAF\Diagrams.local
Moved file: D:\users\ianbo\Documents\Business\Bond-and-Pollard\Admin\IT\source-repository\oracle-appsdemo\documentation\Data Model\appsdemo\rel\01E686B0-B96AD8048FAF\foreignkey\seg_0\08383590-6424-3237-2F87-AF94112F3D2F.xml -> d:\demo\FREEPDB1\APPSDEMO\documentation\Data Model\appsdemo\rel\01E686B0-B96AD8048FAF\foreignkey\seg_0\08383590-6424-3237-2F87-AF94112F3D2F.xml
Moved file: D:\users\ianbo\Documents\Business\Bond-and-Pollard\Admin\IT\source-repository\oracle-appsdemo\documentation\Data Model\appsdemo\rel\01E686B0-B96AD8048FAF\foreignkey\seg_0\0BC45556-3AC2-03F7-5FEC-39C18284573C.xml -> d:\demo\FREEPDB1\APPSDEMO\documentation\Data Model\appsdemo\rel\01E686B0-B96AD8048FAF\foreignkey\seg_0\0BC45556-3AC2-03F7-5FEC-39C18284573C.xml
Moved file: D:\users\ianbo\Documents\Business\Bond-and-Pollard\Admin\IT\source-repository\oracle-appsdemo\documentation\Data Model\appsdemo\rel\01E686B0-B96AD8048FAF\foreignkey\seg_0\2705DF89-28B8-1CC1-16D0-206809786CC2.xml -> d:\demo\FREEPDB1\APPSDEMO\documentation\Data Model\appsdemo\rel\01E686B0-B96AD8048FAF\foreignkey\seg_0\2705DF89-28B8-1CC1-16D0-206809786CC2.xml
Moved file: D:\users\ianbo\Documents\Business\Bond-and-Pollard\Admin\IT\source-repository\oracle-appsdemo\documentation\Data Model\appsdemo\rel\01E686B0-B96AD8048FAF\foreignkey\seg_0\2D5547B4-734B-B26D-ED2C-4C9A3EBA6AC9.xml -> d:\demo\FREEPDB1\APPSDEMO\documentation\Data Model\appsdemo\rel\01E686B0-B96AD8048FAF\foreignkey\seg_0\2D5547B4-734B-B26D-ED2C-4C9A3EBA6AC9.xml
Moved file: D:\users\ianbo\Documents\Business\Bond-and-Pollard\Admin\IT\source-repository\oracle-appsdemo\documentation\Data Model\appsdemo\rel\01E686B0-B96AD8048FAF\foreignkey\seg_0\38FC14E7-914B-A613-88DF-D53494D88380.xml -> d:\demo\FREEPDB1\APPSDEMO\documentation\Data Model\appsdemo\rel\01E686B0-B96AD8048FAF\foreignkey\seg_0\38FC14E7-914B-A613-88DF-D53494D88380.xml
Moved file: D:\users\ianbo\Documents\Business\Bond-and-Pollard\Admin\IT\source-repository\oracle-appsdemo\documentation\Data Model\appsdemo\rel\01E686B0-B96AD8048FAF\foreignkey\seg_0\947BE35D-9226-A0F6-D93E-677EAE801518.xml -> d:\demo\FREEPDB1\APPSDEMO\documentation\Data Model\appsdemo\rel\01E686B0-B96AD8048FAF\foreignkey\seg_0\947BE35D-9226-A0F6-D93E-677EAE801518.xml
Moved file: D:\users\ianbo\Documents\Business\Bond-and-Pollard\Admin\IT\source-repository\oracle-appsdemo\documentation\Data Model\appsdemo\rel\01E686B0-B96AD8048FAF\foreignkey\seg_0\C8FB2620-5C44-E570-3BE5-03B5861EFD23.xml -> d:\demo\FREEPDB1\APPSDEMO\documentation\Data Model\appsdemo\rel\01E686B0-B96AD8048FAF\foreignkey\seg_0\C8FB2620-5C44-E570-3BE5-03B5861EFD23.xml
Moved file: D:\users\ianbo\Documents\Business\Bond-and-Pollard\Admin\IT\source-repository\oracle-appsdemo\documentation\Data Model\appsdemo\rel\01E686B0-B96AD8048FAF\Objects.local -> d:\demo\FREEPDB1\APPSDEMO\documentation\Data Model\appsdemo\rel\01E686B0-B96AD8048FAF\Objects.local
Moved file: D:\users\ianbo\Documents\Business\Bond-and-Pollard\Admin\IT\source-repository\oracle-appsdemo\documentation\Data Model\appsdemo\rel\01E686B0-B96AD8048FAF\subviews\6A8459E4-C006-8B8B-4040-4918D4519F3B.xml -> d:\demo\FREEPDB1\APPSDEMO\documentation\Data Model\appsdemo\rel\01E686B0-B96AD8048FAF\subviews\6A8459E4-C006-8B8B-4040-4918D4519F3B.xml
Moved file: D:\users\ianbo\Documents\Business\Bond-and-Pollard\Admin\IT\source-repository\oracle-appsdemo\documentation\Data Model\appsdemo\rel\01E686B0-B96AD8048FAF\table\seg_0\1B6BBFAF-EC0B-10B8-1673-78B7548937F9.xml -> d:\demo\FREEPDB1\APPSDEMO\documentation\Data Model\appsdemo\rel\01E686B0-B96AD8048FAF\table\seg_0\1B6BBFAF-EC0B-10B8-1673-78B7548937F9.xml
Moved file: D:\users\ianbo\Documents\Business\Bond-and-Pollard\Admin\IT\source-repository\oracle-appsdemo\documentation\Data Model\appsdemo\rel\01E686B0-B96AD8048FAF\table\seg_0\2942CB21-4602-75B2-AA38-4A27E36A7621.xml -> d:\demo\FREEPDB1\APPSDEMO\documentation\Data Model\appsdemo\rel\01E686B0-B96AD8048FAF\table\seg_0\2942CB21-4602-75B2-AA38-4A27E36A7621.xml
Moved file: D:\users\ianbo\Documents\Business\Bond-and-Pollard\Admin\IT\source-repository\oracle-appsdemo\documentation\Data Model\appsdemo\rel\01E686B0-B96AD8048FAF\table\seg_0\810086CF-047C-97E0-18AB-6506A07C6872.xml -> d:\demo\FREEPDB1\APPSDEMO\documentation\Data Model\appsdemo\rel\01E686B0-B96AD8048FAF\table\seg_0\810086CF-047C-97E0-18AB-6506A07C6872.xml
Moved file: D:\users\ianbo\Documents\Business\Bond-and-Pollard\Admin\IT\source-repository\oracle-appsdemo\documentation\Data Model\appsdemo\rel\01E686B0-B96AD8048FAF\table\seg_0\9A96D5D5-7C8F-CCD7-9684-A02DB6D3FDC1.xml -> d:\demo\FREEPDB1\APPSDEMO\documentation\Data Model\appsdemo\rel\01E686B0-B96AD8048FAF\table\seg_0\9A96D5D5-7C8F-CCD7-9684-A02DB6D3FDC1.xml
Moved file: D:\users\ianbo\Documents\Business\Bond-and-Pollard\Admin\IT\source-repository\oracle-appsdemo\documentation\Data Model\appsdemo\rel\01E686B0-B96AD8048FAF\table\seg_0\A6121962-0CF3-7760-BD7A-8A234763FDC2.xml -> d:\demo\FREEPDB1\APPSDEMO\documentation\Data Model\appsdemo\rel\01E686B0-B96AD8048FAF\table\seg_0\A6121962-0CF3-7760-BD7A-8A234763FDC2.xml
Moved file: D:\users\ianbo\Documents\Business\Bond-and-Pollard\Admin\IT\source-repository\oracle-appsdemo\documentation\Data Model\appsdemo\rel\01E686B0-B96AD8048FAF\table\seg_0\D01EE75C-A095-A841-5D23-8DE444E15C2B.xml -> d:\demo\FREEPDB1\APPSDEMO\documentation\Data Model\appsdemo\rel\01E686B0-B96AD8048FAF\table\seg_0\D01EE75C-A095-A841-5D23-8DE444E15C2B.xml
Moved file: D:\users\ianbo\Documents\Business\Bond-and-Pollard\Admin\IT\source-repository\oracle-appsdemo\documentation\Data Model\appsdemo\rel\01E686B0-B96AD8048FAF\table\seg_0\EFB15776-790B-BF82-0A50-A704056AF4F2.xml -> d:\demo\FREEPDB1\APPSDEMO\documentation\Data Model\appsdemo\rel\01E686B0-B96AD8048FAF\table\seg_0\EFB15776-790B-BF82-0A50-A704056AF4F2.xml
Moved file: D:\users\ianbo\Documents\Business\Bond-and-Pollard\Admin\IT\source-repository\oracle-appsdemo\documentation\Data Model\appsdemo\rel\01E686B0-B96AD8048FAF.xml -> d:\demo\FREEPDB1\APPSDEMO\documentation\Data Model\appsdemo\rel\01E686B0-B96AD8048FAF.xml
Moved file: D:\users\ianbo\Documents\Business\Bond-and-Pollard\Admin\IT\source-repository\oracle-appsdemo\documentation\Data Model\appsdemo\rel\BC1049F8-6200E0BE686C\DDLSelection.local -> d:\demo\FREEPDB1\APPSDEMO\documentation\Data Model\appsdemo\rel\BC1049F8-6200E0BE686C\DDLSelection.local
Moved file: D:\users\ianbo\Documents\Business\Bond-and-Pollard\Admin\IT\source-repository\oracle-appsdemo\documentation\Data Model\appsdemo\rel\BC1049F8-6200E0BE686C\Diagrams.local -> d:\demo\FREEPDB1\APPSDEMO\documentation\Data Model\appsdemo\rel\BC1049F8-6200E0BE686C\Diagrams.local
Moved file: D:\users\ianbo\Documents\Business\Bond-and-Pollard\Admin\IT\source-repository\oracle-appsdemo\documentation\Data Model\appsdemo\rel\BC1049F8-6200E0BE686C\foreignkey\seg_0\02955888-6D00-053A-2969-22C81AF47460.xml -> d:\demo\FREEPDB1\APPSDEMO\documentation\Data Model\appsdemo\rel\BC1049F8-6200E0BE686C\foreignkey\seg_0\02955888-6D00-053A-2969-22C81AF47460.xml
Moved file: D:\users\ianbo\Documents\Business\Bond-and-Pollard\Admin\IT\source-repository\oracle-appsdemo\documentation\Data Model\appsdemo\rel\BC1049F8-6200E0BE686C\foreignkey\seg_0\1E73B1C4-EB99-996E-69BC-32B7C099044F.xml -> d:\demo\FREEPDB1\APPSDEMO\documentation\Data Model\appsdemo\rel\BC1049F8-6200E0BE686C\foreignkey\seg_0\1E73B1C4-EB99-996E-69BC-32B7C099044F.xml
Moved file: D:\users\ianbo\Documents\Business\Bond-and-Pollard\Admin\IT\source-repository\oracle-appsdemo\documentation\Data Model\appsdemo\rel\BC1049F8-6200E0BE686C\Objects.local -> d:\demo\FREEPDB1\APPSDEMO\documentation\Data Model\appsdemo\rel\BC1049F8-6200E0BE686C\Objects.local
Moved file: D:\users\ianbo\Documents\Business\Bond-and-Pollard\Admin\IT\source-repository\oracle-appsdemo\documentation\Data Model\appsdemo\rel\BC1049F8-6200E0BE686C\subviews\EEEDDAA8-5167-0EAE-3709-87EE49682A4E.xml -> d:\demo\FREEPDB1\APPSDEMO\documentation\Data Model\appsdemo\rel\BC1049F8-6200E0BE686C\subviews\EEEDDAA8-5167-0EAE-3709-87EE49682A4E.xml
Moved file: D:\users\ianbo\Documents\Business\Bond-and-Pollard\Admin\IT\source-repository\oracle-appsdemo\documentation\Data Model\appsdemo\rel\BC1049F8-6200E0BE686C\table\seg_0\04F9F3C5-41FD-F133-ECC2-67BB059A87A6.xml -> d:\demo\FREEPDB1\APPSDEMO\documentation\Data Model\appsdemo\rel\BC1049F8-6200E0BE686C\table\seg_0\04F9F3C5-41FD-F133-ECC2-67BB059A87A6.xml
Moved file: D:\users\ianbo\Documents\Business\Bond-and-Pollard\Admin\IT\source-repository\oracle-appsdemo\documentation\Data Model\appsdemo\rel\BC1049F8-6200E0BE686C\table\seg_0\3F2FCAFE-9EBF-838E-9E88-4AEA01DE9EBB.xml -> d:\demo\FREEPDB1\APPSDEMO\documentation\Data Model\appsdemo\rel\BC1049F8-6200E0BE686C\table\seg_0\3F2FCAFE-9EBF-838E-9E88-4AEA01DE9EBB.xml
Moved file: D:\users\ianbo\Documents\Business\Bond-and-Pollard\Admin\IT\source-repository\oracle-appsdemo\documentation\Data Model\appsdemo\rel\BC1049F8-6200E0BE686C\table\seg_0\54329AC2-F7A1-C317-5EBA-B93E22A2195A.xml -> d:\demo\FREEPDB1\APPSDEMO\documentation\Data Model\appsdemo\rel\BC1049F8-6200E0BE686C\table\seg_0\54329AC2-F7A1-C317-5EBA-B93E22A2195A.xml
Moved file: D:\users\ianbo\Documents\Business\Bond-and-Pollard\Admin\IT\source-repository\oracle-appsdemo\documentation\Data Model\appsdemo\rel\BC1049F8-6200E0BE686C\table\seg_0\9AB4EC82-3D13-E616-92EC-ECDA4445DC43.xml -> d:\demo\FREEPDB1\APPSDEMO\documentation\Data Model\appsdemo\rel\BC1049F8-6200E0BE686C\table\seg_0\9AB4EC82-3D13-E616-92EC-ECDA4445DC43.xml
Moved file: D:\users\ianbo\Documents\Business\Bond-and-Pollard\Admin\IT\source-repository\oracle-appsdemo\documentation\Data Model\appsdemo\rel\BC1049F8-6200E0BE686C\table\seg_0\CE86D849-FF39-E9D7-DF0E-A3676E6DD8F1.xml -> d:\demo\FREEPDB1\APPSDEMO\documentation\Data Model\appsdemo\rel\BC1049F8-6200E0BE686C\table\seg_0\CE86D849-FF39-E9D7-DF0E-A3676E6DD8F1.xml
Moved file: D:\users\ianbo\Documents\Business\Bond-and-Pollard\Admin\IT\source-repository\oracle-appsdemo\documentation\Data Model\appsdemo\rel\BC1049F8-6200E0BE686C\table\seg_0\DF5F8184-872E-5468-B7D5-618B9EFA8F23.xml -> d:\demo\FREEPDB1\APPSDEMO\documentation\Data Model\appsdemo\rel\BC1049F8-6200E0BE686C\table\seg_0\DF5F8184-872E-5468-B7D5-618B9EFA8F23.xml
Moved file: D:\users\ianbo\Documents\Business\Bond-and-Pollard\Admin\IT\source-repository\oracle-appsdemo\documentation\Data Model\appsdemo\rel\BC1049F8-6200E0BE686C.xml -> d:\demo\FREEPDB1\APPSDEMO\documentation\Data Model\appsdemo\rel\BC1049F8-6200E0BE686C.xml
Moved file: D:\users\ianbo\Documents\Business\Bond-and-Pollard\Admin\IT\source-repository\oracle-appsdemo\documentation\Data Model\appsdemo.dmd -> d:\demo\FREEPDB1\APPSDEMO\documentation\Data Model\appsdemo.dmd
Moved file: D:\users\ianbo\Documents\Business\Bond-and-Pollard\Admin\IT\source-repository\oracle-appsdemo\documentation\Data Model\Sales Order Data Model OLD.png -> d:\demo\FREEPDB1\APPSDEMO\documentation\Data Model\Sales Order Data Model OLD.png
Moved file: D:\users\ianbo\Documents\Business\Bond-and-Pollard\Admin\IT\source-repository\oracle-appsdemo\documentation\Data Model\Sales Order Data Model.html -> d:\demo\FREEPDB1\APPSDEMO\documentation\Data Model\Sales Order Data Model.html
Moved file: D:\users\ianbo\Documents\Business\Bond-and-Pollard\Admin\IT\source-repository\oracle-appsdemo\documentation\Data Model\Sales Order Data Model.pdf -> d:\demo\FREEPDB1\APPSDEMO\documentation\Data Model\Sales Order Data Model.pdf
Moved file: D:\users\ianbo\Documents\Business\Bond-and-Pollard\Admin\IT\source-repository\oracle-appsdemo\documentation\Data Model\Sales Order Data Model.png -> d:\demo\FREEPDB1\APPSDEMO\documentation\Data Model\Sales Order Data Model.png
Moved file: D:\users\ianbo\Documents\Business\Bond-and-Pollard\Admin\IT\source-repository\oracle-appsdemo\documentation\Data Model\Scott Order Data Model.png -> d:\demo\FREEPDB1\APPSDEMO\documentation\Data Model\Scott Order Data Model.png
Moved file: D:\users\ianbo\Documents\Business\Bond-and-Pollard\Admin\IT\source-repository\oracle-appsdemo\documentation\Data Model\scottorder\businessinfo\Business Information.xml -> d:\demo\FREEPDB1\APPSDEMO\documentation\Data Model\scottorder\businessinfo\Business Information.xml
Moved file: D:\users\ianbo\Documents\Business\Bond-and-Pollard\Admin\IT\source-repository\oracle-appsdemo\documentation\Data Model\scottorder\businessinfo\Objects.local -> d:\demo\FREEPDB1\APPSDEMO\documentation\Data Model\scottorder\businessinfo\Objects.local
Moved file: D:\users\ianbo\Documents\Business\Bond-and-Pollard\Admin\IT\source-repository\oracle-appsdemo\documentation\Data Model\scottorder\ChangeRequests.local -> d:\demo\FREEPDB1\APPSDEMO\documentation\Data Model\scottorder\ChangeRequests.local
Moved file: D:\users\ianbo\Documents\Business\Bond-and-Pollard\Admin\IT\source-repository\oracle-appsdemo\documentation\Data Model\scottorder\datatypes\DataTypes.xml -> d:\demo\FREEPDB1\APPSDEMO\documentation\Data Model\scottorder\datatypes\DataTypes.xml
Moved file: D:\users\ianbo\Documents\Business\Bond-and-Pollard\Admin\IT\source-repository\oracle-appsdemo\documentation\Data Model\scottorder\datatypes\DDLSelection.local -> d:\demo\FREEPDB1\APPSDEMO\documentation\Data Model\scottorder\datatypes\DDLSelection.local
Moved file: D:\users\ianbo\Documents\Business\Bond-and-Pollard\Admin\IT\source-repository\oracle-appsdemo\documentation\Data Model\scottorder\datatypes\Diagrams.local -> d:\demo\FREEPDB1\APPSDEMO\documentation\Data Model\scottorder\datatypes\Diagrams.local
Moved file: D:\users\ianbo\Documents\Business\Bond-and-Pollard\Admin\IT\source-repository\oracle-appsdemo\documentation\Data Model\scottorder\datatypes\Objects.local -> d:\demo\FREEPDB1\APPSDEMO\documentation\Data Model\scottorder\datatypes\Objects.local
Moved file: D:\users\ianbo\Documents\Business\Bond-and-Pollard\Admin\IT\source-repository\oracle-appsdemo\documentation\Data Model\scottorder\datatypes\structuredtype\seg_0\47E390DE-0671-C4B1-8428-0F45CBEE18F8.xml -> d:\demo\FREEPDB1\APPSDEMO\documentation\Data Model\scottorder\datatypes\structuredtype\seg_0\47E390DE-0671-C4B1-8428-0F45CBEE18F8.xml
Moved file: D:\users\ianbo\Documents\Business\Bond-and-Pollard\Admin\IT\source-repository\oracle-appsdemo\documentation\Data Model\scottorder\datatypes\structuredtype\seg_0\F72C39E0-D1CA-8821-2AD7-A1E95A37D3D1.xml -> d:\demo\FREEPDB1\APPSDEMO\documentation\Data Model\scottorder\datatypes\structuredtype\seg_0\F72C39E0-D1CA-8821-2AD7-A1E95A37D3D1.xml
Moved file: D:\users\ianbo\Documents\Business\Bond-and-Pollard\Admin\IT\source-repository\oracle-appsdemo\documentation\Data Model\scottorder\datatypes\subviews\EA9D3688-ACD1-931F-7DB6-FFCAEBD76C86.xml -> d:\demo\FREEPDB1\APPSDEMO\documentation\Data Model\scottorder\datatypes\subviews\EA9D3688-ACD1-931F-7DB6-FFCAEBD76C86.xml
Moved file: D:\users\ianbo\Documents\Business\Bond-and-Pollard\Admin\IT\source-repository\oracle-appsdemo\documentation\Data Model\scottorder\dl_settings.xml -> d:\demo\FREEPDB1\APPSDEMO\documentation\Data Model\scottorder\dl_settings.xml
Moved file: D:\users\ianbo\Documents\Business\Bond-and-Pollard\Admin\IT\source-repository\oracle-appsdemo\documentation\Data Model\scottorder\dmd_open.local -> d:\demo\FREEPDB1\APPSDEMO\documentation\Data Model\scottorder\dmd_open.local
Moved file: D:\users\ianbo\Documents\Business\Bond-and-Pollard\Admin\IT\source-repository\oracle-appsdemo\documentation\Data Model\scottorder\files\x -> d:\demo\FREEPDB1\APPSDEMO\documentation\Data Model\scottorder\files\x
Moved file: D:\users\ianbo\Documents\Business\Bond-and-Pollard\Admin\IT\source-repository\oracle-appsdemo\documentation\Data Model\scottorder\logical\Diagrams.local -> d:\demo\FREEPDB1\APPSDEMO\documentation\Data Model\scottorder\logical\Diagrams.local
Moved file: D:\users\ianbo\Documents\Business\Bond-and-Pollard\Admin\IT\source-repository\oracle-appsdemo\documentation\Data Model\scottorder\logical\Logical.xml -> d:\demo\FREEPDB1\APPSDEMO\documentation\Data Model\scottorder\logical\Logical.xml
Moved file: D:\users\ianbo\Documents\Business\Bond-and-Pollard\Admin\IT\source-repository\oracle-appsdemo\documentation\Data Model\scottorder\logical\Objects.local -> d:\demo\FREEPDB1\APPSDEMO\documentation\Data Model\scottorder\logical\Objects.local
Moved file: D:\users\ianbo\Documents\Business\Bond-and-Pollard\Admin\IT\source-repository\oracle-appsdemo\documentation\Data Model\scottorder\logical\subviews\E1E67FE0-63A3-0474-0E44-BBE9C1B430B9.xml -> d:\demo\FREEPDB1\APPSDEMO\documentation\Data Model\scottorder\logical\subviews\E1E67FE0-63A3-0474-0E44-BBE9C1B430B9.xml
Moved file: D:\users\ianbo\Documents\Business\Bond-and-Pollard\Admin\IT\source-repository\oracle-appsdemo\documentation\Data Model\scottorder\mapping\DeletedMap_RM01E686B0-C18E-E179-0704-B96AD8048FAF.xml -> d:\demo\FREEPDB1\APPSDEMO\documentation\Data Model\scottorder\mapping\DeletedMap_RM01E686B0-C18E-E179-0704-B96AD8048FAF.xml
Moved file: D:\users\ianbo\Documents\Business\Bond-and-Pollard\Admin\IT\source-repository\oracle-appsdemo\documentation\Data Model\scottorder\mapping\DeletedMap_RMBC1049F8-85C6-0DD1-3853-6200E0BE686C.xml -> d:\demo\FREEPDB1\APPSDEMO\documentation\Data Model\scottorder\mapping\DeletedMap_RMBC1049F8-85C6-0DD1-3853-6200E0BE686C.xml
Moved file: D:\users\ianbo\Documents\Business\Bond-and-Pollard\Admin\IT\source-repository\oracle-appsdemo\documentation\Data Model\scottorder\mapping\ExtendedMap.xml -> d:\demo\FREEPDB1\APPSDEMO\documentation\Data Model\scottorder\mapping\ExtendedMap.xml
Moved file: D:\users\ianbo\Documents\Business\Bond-and-Pollard\Admin\IT\source-repository\oracle-appsdemo\documentation\Data Model\scottorder\mapping\ExtendedMap_RM01E686B0-C18E-E179-0704-B96AD8048FAF.xml -> d:\demo\FREEPDB1\APPSDEMO\documentation\Data Model\scottorder\mapping\ExtendedMap_RM01E686B0-C18E-E179-0704-B96AD8048FAF.xml
Moved file: D:\users\ianbo\Documents\Business\Bond-and-Pollard\Admin\IT\source-repository\oracle-appsdemo\documentation\Data Model\scottorder\mapping\ExtendedMap_RMBC1049F8-85C6-0DD1-3853-6200E0BE686C.xml -> d:\demo\FREEPDB1\APPSDEMO\documentation\Data Model\scottorder\mapping\ExtendedMap_RMBC1049F8-85C6-0DD1-3853-6200E0BE686C.xml
Moved file: D:\users\ianbo\Documents\Business\Bond-and-Pollard\Admin\IT\source-repository\oracle-appsdemo\documentation\Data Model\scottorder\pm\Objects.local -> d:\demo\FREEPDB1\APPSDEMO\documentation\Data Model\scottorder\pm\Objects.local
Moved file: D:\users\ianbo\Documents\Business\Bond-and-Pollard\Admin\IT\source-repository\oracle-appsdemo\documentation\Data Model\scottorder\pm\Process Model.xml -> d:\demo\FREEPDB1\APPSDEMO\documentation\Data Model\scottorder\pm\Process Model.xml
Moved file: D:\users\ianbo\Documents\Business\Bond-and-Pollard\Admin\IT\source-repository\oracle-appsdemo\documentation\Data Model\scottorder\rdbms\scottorder_RDBMSSites.xml -> d:\demo\FREEPDB1\APPSDEMO\documentation\Data Model\scottorder\rdbms\scottorder_RDBMSSites.xml
Moved file: D:\users\ianbo\Documents\Business\Bond-and-Pollard\Admin\IT\source-repository\oracle-appsdemo\documentation\Data Model\scottorder\rel\01E686B0-B96AD8048FAF\DDLSelection.local -> d:\demo\FREEPDB1\APPSDEMO\documentation\Data Model\scottorder\rel\01E686B0-B96AD8048FAF\DDLSelection.local
Moved file: D:\users\ianbo\Documents\Business\Bond-and-Pollard\Admin\IT\source-repository\oracle-appsdemo\documentation\Data Model\scottorder\rel\01E686B0-B96AD8048FAF\Diagrams.local -> d:\demo\FREEPDB1\APPSDEMO\documentation\Data Model\scottorder\rel\01E686B0-B96AD8048FAF\Diagrams.local
Moved file: D:\users\ianbo\Documents\Business\Bond-and-Pollard\Admin\IT\source-repository\oracle-appsdemo\documentation\Data Model\scottorder\rel\01E686B0-B96AD8048FAF\foreignkey\seg_0\08383590-6424-3237-2F87-AF94112F3D2F.xml -> d:\demo\FREEPDB1\APPSDEMO\documentation\Data Model\scottorder\rel\01E686B0-B96AD8048FAF\foreignkey\seg_0\08383590-6424-3237-2F87-AF94112F3D2F.xml
Moved file: D:\users\ianbo\Documents\Business\Bond-and-Pollard\Admin\IT\source-repository\oracle-appsdemo\documentation\Data Model\scottorder\rel\01E686B0-B96AD8048FAF\foreignkey\seg_0\2D5547B4-734B-B26D-ED2C-4C9A3EBA6AC9.xml -> d:\demo\FREEPDB1\APPSDEMO\documentation\Data Model\scottorder\rel\01E686B0-B96AD8048FAF\foreignkey\seg_0\2D5547B4-734B-B26D-ED2C-4C9A3EBA6AC9.xml
Moved file: D:\users\ianbo\Documents\Business\Bond-and-Pollard\Admin\IT\source-repository\oracle-appsdemo\documentation\Data Model\scottorder\rel\01E686B0-B96AD8048FAF\foreignkey\seg_0\C8FB2620-5C44-E570-3BE5-03B5861EFD23.xml -> d:\demo\FREEPDB1\APPSDEMO\documentation\Data Model\scottorder\rel\01E686B0-B96AD8048FAF\foreignkey\seg_0\C8FB2620-5C44-E570-3BE5-03B5861EFD23.xml
Moved file: D:\users\ianbo\Documents\Business\Bond-and-Pollard\Admin\IT\source-repository\oracle-appsdemo\documentation\Data Model\scottorder\rel\01E686B0-B96AD8048FAF\Objects.local -> d:\demo\FREEPDB1\APPSDEMO\documentation\Data Model\scottorder\rel\01E686B0-B96AD8048FAF\Objects.local
Moved file: D:\users\ianbo\Documents\Business\Bond-and-Pollard\Admin\IT\source-repository\oracle-appsdemo\documentation\Data Model\scottorder\rel\01E686B0-B96AD8048FAF\subviews\6A8459E4-C006-8B8B-4040-4918D4519F3B.xml -> d:\demo\FREEPDB1\APPSDEMO\documentation\Data Model\scottorder\rel\01E686B0-B96AD8048FAF\subviews\6A8459E4-C006-8B8B-4040-4918D4519F3B.xml
Moved file: D:\users\ianbo\Documents\Business\Bond-and-Pollard\Admin\IT\source-repository\oracle-appsdemo\documentation\Data Model\scottorder\rel\01E686B0-B96AD8048FAF\table\seg_0\1B6BBFAF-EC0B-10B8-1673-78B7548937F9.xml -> d:\demo\FREEPDB1\APPSDEMO\documentation\Data Model\scottorder\rel\01E686B0-B96AD8048FAF\table\seg_0\1B6BBFAF-EC0B-10B8-1673-78B7548937F9.xml
Moved file: D:\users\ianbo\Documents\Business\Bond-and-Pollard\Admin\IT\source-repository\oracle-appsdemo\documentation\Data Model\scottorder\rel\01E686B0-B96AD8048FAF\table\seg_0\2942CB21-4602-75B2-AA38-4A27E36A7621.xml -> d:\demo\FREEPDB1\APPSDEMO\documentation\Data Model\scottorder\rel\01E686B0-B96AD8048FAF\table\seg_0\2942CB21-4602-75B2-AA38-4A27E36A7621.xml
Moved file: D:\users\ianbo\Documents\Business\Bond-and-Pollard\Admin\IT\source-repository\oracle-appsdemo\documentation\Data Model\scottorder\rel\01E686B0-B96AD8048FAF\table\seg_0\D01EE75C-A095-A841-5D23-8DE444E15C2B.xml -> d:\demo\FREEPDB1\APPSDEMO\documentation\Data Model\scottorder\rel\01E686B0-B96AD8048FAF\table\seg_0\D01EE75C-A095-A841-5D23-8DE444E15C2B.xml
Moved file: D:\users\ianbo\Documents\Business\Bond-and-Pollard\Admin\IT\source-repository\oracle-appsdemo\documentation\Data Model\scottorder\rel\01E686B0-B96AD8048FAF\table\seg_0\EFB15776-790B-BF82-0A50-A704056AF4F2.xml -> d:\demo\FREEPDB1\APPSDEMO\documentation\Data Model\scottorder\rel\01E686B0-B96AD8048FAF\table\seg_0\EFB15776-790B-BF82-0A50-A704056AF4F2.xml
Moved file: D:\users\ianbo\Documents\Business\Bond-and-Pollard\Admin\IT\source-repository\oracle-appsdemo\documentation\Data Model\scottorder\rel\01E686B0-B96AD8048FAF.xml -> d:\demo\FREEPDB1\APPSDEMO\documentation\Data Model\scottorder\rel\01E686B0-B96AD8048FAF.xml
Moved file: D:\users\ianbo\Documents\Business\Bond-and-Pollard\Admin\IT\source-repository\oracle-appsdemo\documentation\Data Model\scottorder\rel\BC1049F8-6200E0BE686C\DDLSelection.local -> d:\demo\FREEPDB1\APPSDEMO\documentation\Data Model\scottorder\rel\BC1049F8-6200E0BE686C\DDLSelection.local
Moved file: D:\users\ianbo\Documents\Business\Bond-and-Pollard\Admin\IT\source-repository\oracle-appsdemo\documentation\Data Model\scottorder\rel\BC1049F8-6200E0BE686C\Diagrams.local -> d:\demo\FREEPDB1\APPSDEMO\documentation\Data Model\scottorder\rel\BC1049F8-6200E0BE686C\Diagrams.local
Moved file: D:\users\ianbo\Documents\Business\Bond-and-Pollard\Admin\IT\source-repository\oracle-appsdemo\documentation\Data Model\scottorder\rel\BC1049F8-6200E0BE686C\foreignkey\seg_0\02955888-6D00-053A-2969-22C81AF47460.xml -> d:\demo\FREEPDB1\APPSDEMO\documentation\Data Model\scottorder\rel\BC1049F8-6200E0BE686C\foreignkey\seg_0\02955888-6D00-053A-2969-22C81AF47460.xml
Moved file: D:\users\ianbo\Documents\Business\Bond-and-Pollard\Admin\IT\source-repository\oracle-appsdemo\documentation\Data Model\scottorder\rel\BC1049F8-6200E0BE686C\foreignkey\seg_0\1E73B1C4-EB99-996E-69BC-32B7C099044F.xml -> d:\demo\FREEPDB1\APPSDEMO\documentation\Data Model\scottorder\rel\BC1049F8-6200E0BE686C\foreignkey\seg_0\1E73B1C4-EB99-996E-69BC-32B7C099044F.xml
Moved file: D:\users\ianbo\Documents\Business\Bond-and-Pollard\Admin\IT\source-repository\oracle-appsdemo\documentation\Data Model\scottorder\rel\BC1049F8-6200E0BE686C\Objects.local -> d:\demo\FREEPDB1\APPSDEMO\documentation\Data Model\scottorder\rel\BC1049F8-6200E0BE686C\Objects.local
Moved file: D:\users\ianbo\Documents\Business\Bond-and-Pollard\Admin\IT\source-repository\oracle-appsdemo\documentation\Data Model\scottorder\rel\BC1049F8-6200E0BE686C\subviews\EEEDDAA8-5167-0EAE-3709-87EE49682A4E.xml -> d:\demo\FREEPDB1\APPSDEMO\documentation\Data Model\scottorder\rel\BC1049F8-6200E0BE686C\subviews\EEEDDAA8-5167-0EAE-3709-87EE49682A4E.xml
Moved file: D:\users\ianbo\Documents\Business\Bond-and-Pollard\Admin\IT\source-repository\oracle-appsdemo\documentation\Data Model\scottorder\rel\BC1049F8-6200E0BE686C\table\seg_0\04F9F3C5-41FD-F133-ECC2-67BB059A87A6.xml -> d:\demo\FREEPDB1\APPSDEMO\documentation\Data Model\scottorder\rel\BC1049F8-6200E0BE686C\table\seg_0\04F9F3C5-41FD-F133-ECC2-67BB059A87A6.xml
Moved file: D:\users\ianbo\Documents\Business\Bond-and-Pollard\Admin\IT\source-repository\oracle-appsdemo\documentation\Data Model\scottorder\rel\BC1049F8-6200E0BE686C\table\seg_0\3F2FCAFE-9EBF-838E-9E88-4AEA01DE9EBB.xml -> d:\demo\FREEPDB1\APPSDEMO\documentation\Data Model\scottorder\rel\BC1049F8-6200E0BE686C\table\seg_0\3F2FCAFE-9EBF-838E-9E88-4AEA01DE9EBB.xml
Moved file: D:\users\ianbo\Documents\Business\Bond-and-Pollard\Admin\IT\source-repository\oracle-appsdemo\documentation\Data Model\scottorder\rel\BC1049F8-6200E0BE686C\table\seg_0\54329AC2-F7A1-C317-5EBA-B93E22A2195A.xml -> d:\demo\FREEPDB1\APPSDEMO\documentation\Data Model\scottorder\rel\BC1049F8-6200E0BE686C\table\seg_0\54329AC2-F7A1-C317-5EBA-B93E22A2195A.xml
Moved file: D:\users\ianbo\Documents\Business\Bond-and-Pollard\Admin\IT\source-repository\oracle-appsdemo\documentation\Data Model\scottorder\rel\BC1049F8-6200E0BE686C\table\seg_0\9AB4EC82-3D13-E616-92EC-ECDA4445DC43.xml -> d:\demo\FREEPDB1\APPSDEMO\documentation\Data Model\scottorder\rel\BC1049F8-6200E0BE686C\table\seg_0\9AB4EC82-3D13-E616-92EC-ECDA4445DC43.xml
Moved file: D:\users\ianbo\Documents\Business\Bond-and-Pollard\Admin\IT\source-repository\oracle-appsdemo\documentation\Data Model\scottorder\rel\BC1049F8-6200E0BE686C\table\seg_0\CE86D849-FF39-E9D7-DF0E-A3676E6DD8F1.xml -> d:\demo\FREEPDB1\APPSDEMO\documentation\Data Model\scottorder\rel\BC1049F8-6200E0BE686C\table\seg_0\CE86D849-FF39-E9D7-DF0E-A3676E6DD8F1.xml
Moved file: D:\users\ianbo\Documents\Business\Bond-and-Pollard\Admin\IT\source-repository\oracle-appsdemo\documentation\Data Model\scottorder\rel\BC1049F8-6200E0BE686C\table\seg_0\DF5F8184-872E-5468-B7D5-618B9EFA8F23.xml -> d:\demo\FREEPDB1\APPSDEMO\documentation\Data Model\scottorder\rel\BC1049F8-6200E0BE686C\table\seg_0\DF5F8184-872E-5468-B7D5-618B9EFA8F23.xml
Moved file: D:\users\ianbo\Documents\Business\Bond-and-Pollard\Admin\IT\source-repository\oracle-appsdemo\documentation\Data Model\scottorder\rel\BC1049F8-6200E0BE686C.xml -> d:\demo\FREEPDB1\APPSDEMO\documentation\Data Model\scottorder\rel\BC1049F8-6200E0BE686C.xml
Moved file: D:\users\ianbo\Documents\Business\Bond-and-Pollard\Admin\IT\source-repository\oracle-appsdemo\documentation\Data Model\scottorder.dmd -> d:\demo\FREEPDB1\APPSDEMO\documentation\Data Model\scottorder.dmd
Moved file: D:\users\ianbo\Documents\Business\Bond-and-Pollard\Admin\IT\source-repository\oracle-appsdemo\documentation\database-express-edition-installation-guide-microsoft-windows.pdf -> d:\demo\FREEPDB1\APPSDEMO\documentation\database-express-edition-installation-guide-microsoft-windows.pdf
Moved file: D:\users\ianbo\Documents\Business\Bond-and-Pollard\Admin\IT\source-repository\oracle-appsdemo\documentation\MD050_Application_Extensions_Functional_Design.docx -> d:\demo\FREEPDB1\APPSDEMO\documentation\MD050_Application_Extensions_Functional_Design.docx
Moved file: D:\users\ianbo\Documents\Business\Bond-and-Pollard\Admin\IT\source-repository\oracle-appsdemo\documentation\MD070_Application_Extensions_Technical_Design.docx -> d:\demo\FREEPDB1\APPSDEMO\documentation\MD070_Application_Extensions_Technical_Design.docx
Moved file: D:\users\ianbo\Documents\Business\Bond-and-Pollard\Admin\IT\source-repository\oracle-appsdemo\documentation\Oracle Scott Schema Notes.docx -> d:\demo\FREEPDB1\APPSDEMO\documentation\Oracle Scott Schema Notes.docx
Moved file: D:\users\ianbo\Documents\Business\Bond-and-Pollard\Admin\IT\source-repository\oracle-appsdemo\documentation\Read Me - XE.docx -> d:\demo\FREEPDB1\APPSDEMO\documentation\Read Me - XE.docx
Moved file: D:\users\ianbo\Documents\Business\Bond-and-Pollard\Admin\IT\source-repository\oracle-appsdemo\documentation\Read Me.docx -> d:\demo\FREEPDB1\APPSDEMO\documentation\Read Me.docx
Moved file: D:\users\ianbo\Documents\Business\Bond-and-Pollard\Admin\IT\source-repository\oracle-appsdemo\documentation\Read Me.pdf -> d:\demo\FREEPDB1\APPSDEMO\documentation\Read Me.pdf
Moved file: D:\users\ianbo\Documents\Business\Bond-and-Pollard\Admin\IT\source-repository\oracle-appsdemo\documentation\Technical Spec Template.docx -> d:\demo\FREEPDB1\APPSDEMO\documentation\Technical Spec Template.docx
Moved file: D:\users\ianbo\Documents\Business\Bond-and-Pollard\Admin\IT\source-repository\oracle-appsdemo\documentation\Troubleshooting Oracle.docx -> d:\demo\FREEPDB1\APPSDEMO\documentation\Troubleshooting Oracle.docx
Moved file: D:\users\ianbo\Documents\Business\Bond-and-Pollard\Admin\IT\source-repository\oracle-appsdemo\documentation\~$ead Me.docx -> d:\demo\FREEPDB1\APPSDEMO\documentation\~$ead Me.docx
Moved file: D:\users\ianbo\Documents\Business\Bond-and-Pollard\Admin\IT\source-repository\oracle-appsdemo\documentation\~WRL0003.tmp -> d:\demo\FREEPDB1\APPSDEMO\documentation\~WRL0003.tmp
Moved file: D:\users\ianbo\Documents\Business\Bond-and-Pollard\Admin\IT\source-repository\oracle-appsdemo\install\auto_install.sql -> d:\demo\FREEPDB1\APPSDEMO\install\auto_install.sql
Moved file: D:\users\ianbo\Documents\Business\Bond-and-Pollard\Admin\IT\source-repository\oracle-appsdemo\install\compile_packages.sql -> d:\demo\FREEPDB1\APPSDEMO\install\compile_packages.sql
Moved file: D:\users\ianbo\Documents\Business\Bond-and-Pollard\Admin\IT\source-repository\oracle-appsdemo\install\install_schema.sql -> d:\demo\FREEPDB1\APPSDEMO\install\install_schema.sql
Moved file: D:\users\ianbo\Documents\Business\Bond-and-Pollard\Admin\IT\source-repository\oracle-appsdemo\install\lock_schema.sql -> d:\demo\FREEPDB1\APPSDEMO\install\lock_schema.sql
Moved file: D:\users\ianbo\Documents\Business\Bond-and-Pollard\Admin\IT\source-repository\oracle-appsdemo\install\seed_data.sql -> d:\demo\FREEPDB1\APPSDEMO\install\seed_data.sql
Moved file: D:\users\ianbo\Documents\Business\Bond-and-Pollard\Admin\IT\source-repository\oracle-appsdemo\out\applog 20230420.txt -> d:\demo\FREEPDB1\APPSDEMO\out\applog 20230420.txt
Moved file: D:\users\ianbo\Documents\Business\Bond-and-Pollard\Admin\IT\source-repository\oracle-appsdemo\out\import error 20250311.pdf -> d:\demo\FREEPDB1\APPSDEMO\out\import error 20250311.pdf
Moved file: D:\users\ianbo\Documents\Business\Bond-and-Pollard\Admin\IT\source-repository\oracle-appsdemo\out\import_error 20230420.txt -> d:\demo\FREEPDB1\APPSDEMO\out\import_error 20230420.txt
Moved file: D:\users\ianbo\Documents\Business\Bond-and-Pollard\Admin\IT\source-repository\oracle-appsdemo\out\orders TEST0040 to TEST0042.txt -> d:\demo\FREEPDB1\APPSDEMO\out\orders TEST0040 to TEST0042.txt
Moved file: D:\users\ianbo\Documents\Business\Bond-and-Pollard\Admin\IT\source-repository\oracle-appsdemo\plsql\emp_stats.pls -> d:\demo\FREEPDB1\APPSDEMO\plsql\emp_stats.pls
Moved file: D:\users\ianbo\Documents\Business\Bond-and-Pollard\Admin\IT\source-repository\oracle-appsdemo\plsql\export.pkb -> d:\demo\FREEPDB1\APPSDEMO\plsql\export.pkb
Moved file: D:\users\ianbo\Documents\Business\Bond-and-Pollard\Admin\IT\source-repository\oracle-appsdemo\plsql\export.pks -> d:\demo\FREEPDB1\APPSDEMO\plsql\export.pks
Moved file: D:\users\ianbo\Documents\Business\Bond-and-Pollard\Admin\IT\source-repository\oracle-appsdemo\plsql\import.pkb -> d:\demo\FREEPDB1\APPSDEMO\plsql\import.pkb
Moved file: D:\users\ianbo\Documents\Business\Bond-and-Pollard\Admin\IT\source-repository\oracle-appsdemo\plsql\import.pks -> d:\demo\FREEPDB1\APPSDEMO\plsql\import.pks
Moved file: D:\users\ianbo\Documents\Business\Bond-and-Pollard\Admin\IT\source-repository\oracle-appsdemo\plsql\old_packages\demo_string.pkb -> d:\demo\FREEPDB1\APPSDEMO\plsql\old_packages\demo_string.pkb
Moved file: D:\users\ianbo\Documents\Business\Bond-and-Pollard\Admin\IT\source-repository\oracle-appsdemo\plsql\old_packages\demo_string.pks -> d:\demo\FREEPDB1\APPSDEMO\plsql\old_packages\demo_string.pks
Moved file: D:\users\ianbo\Documents\Business\Bond-and-Pollard\Admin\IT\source-repository\oracle-appsdemo\plsql\orderrp.pkb -> d:\demo\FREEPDB1\APPSDEMO\plsql\orderrp.pkb
Moved file: D:\users\ianbo\Documents\Business\Bond-and-Pollard\Admin\IT\source-repository\oracle-appsdemo\plsql\orderrp.pks -> d:\demo\FREEPDB1\APPSDEMO\plsql\orderrp.pks
Moved file: D:\users\ianbo\Documents\Business\Bond-and-Pollard\Admin\IT\source-repository\oracle-appsdemo\plsql\plsql_constants.pks -> d:\demo\FREEPDB1\APPSDEMO\plsql\plsql_constants.pks
Moved file: D:\users\ianbo\Documents\Business\Bond-and-Pollard\Admin\IT\source-repository\oracle-appsdemo\plsql\test\test_func_binary_search_leftmost.pls -> d:\demo\FREEPDB1\APPSDEMO\plsql\test\test_func_binary_search_leftmost.pls
Moved file: D:\users\ianbo\Documents\Business\Bond-and-Pollard\Admin\IT\source-repository\oracle-appsdemo\plsql\test\test_func_binary_search_rightmost.pls -> d:\demo\FREEPDB1\APPSDEMO\plsql\test\test_func_binary_search_rightmost.pls
Moved file: D:\users\ianbo\Documents\Business\Bond-and-Pollard\Admin\IT\source-repository\oracle-appsdemo\plsql\util_admin.pkb -> d:\demo\FREEPDB1\APPSDEMO\plsql\util_admin.pkb
Moved file: D:\users\ianbo\Documents\Business\Bond-and-Pollard\Admin\IT\source-repository\oracle-appsdemo\plsql\util_admin.pks -> d:\demo\FREEPDB1\APPSDEMO\plsql\util_admin.pks
Moved file: D:\users\ianbo\Documents\Business\Bond-and-Pollard\Admin\IT\source-repository\oracle-appsdemo\plsql\util_date.pkb -> d:\demo\FREEPDB1\APPSDEMO\plsql\util_date.pkb
Moved file: D:\users\ianbo\Documents\Business\Bond-and-Pollard\Admin\IT\source-repository\oracle-appsdemo\plsql\util_date.pks -> d:\demo\FREEPDB1\APPSDEMO\plsql\util_date.pks
Moved file: D:\users\ianbo\Documents\Business\Bond-and-Pollard\Admin\IT\source-repository\oracle-appsdemo\plsql\util_file.pkb -> d:\demo\FREEPDB1\APPSDEMO\plsql\util_file.pkb
Moved file: D:\users\ianbo\Documents\Business\Bond-and-Pollard\Admin\IT\source-repository\oracle-appsdemo\plsql\util_file.pks -> d:\demo\FREEPDB1\APPSDEMO\plsql\util_file.pks
Moved file: D:\users\ianbo\Documents\Business\Bond-and-Pollard\Admin\IT\source-repository\oracle-appsdemo\plsql\util_numeric.pkb -> d:\demo\FREEPDB1\APPSDEMO\plsql\util_numeric.pkb
Moved file: D:\users\ianbo\Documents\Business\Bond-and-Pollard\Admin\IT\source-repository\oracle-appsdemo\plsql\util_numeric.pks -> d:\demo\FREEPDB1\APPSDEMO\plsql\util_numeric.pks
Moved file: D:\users\ianbo\Documents\Business\Bond-and-Pollard\Admin\IT\source-repository\oracle-appsdemo\plsql\util_string.pkb -> d:\demo\FREEPDB1\APPSDEMO\plsql\util_string.pkb
Moved file: D:\users\ianbo\Documents\Business\Bond-and-Pollard\Admin\IT\source-repository\oracle-appsdemo\plsql\util_string.pks -> d:\demo\FREEPDB1\APPSDEMO\plsql\util_string.pks
Moved file: D:\users\ianbo\Documents\Business\Bond-and-Pollard\Admin\IT\source-repository\oracle-appsdemo\README.md -> d:\demo\FREEPDB1\APPSDEMO\README.md
Moved file: D:\users\ianbo\Documents\Business\Bond-and-Pollard\Admin\IT\source-repository\oracle-appsdemo\setup.exe -> d:\demo\FREEPDB1\APPSDEMO\setup.exe
Moved file: D:\users\ianbo\Documents\Business\Bond-and-Pollard\Admin\IT\source-repository\oracle-appsdemo\sql\applog.sql -> d:\demo\FREEPDB1\APPSDEMO\sql\applog.sql
Moved file: D:\users\ianbo\Documents\Business\Bond-and-Pollard\Admin\IT\source-repository\oracle-appsdemo\sql\applog_latest.sql -> d:\demo\FREEPDB1\APPSDEMO\sql\applog_latest.sql
Moved file: D:\users\ianbo\Documents\Business\Bond-and-Pollard\Admin\IT\source-repository\oracle-appsdemo\sql\customer_refund.sql -> d:\demo\FREEPDB1\APPSDEMO\sql\customer_refund.sql
Moved file: D:\users\ianbo\Documents\Business\Bond-and-Pollard\Admin\IT\source-repository\oracle-appsdemo\sql\export_demo.sql -> d:\demo\FREEPDB1\APPSDEMO\sql\export_demo.sql
Moved file: D:\users\ianbo\Documents\Business\Bond-and-Pollard\Admin\IT\source-repository\oracle-appsdemo\sql\export_orders.sql -> d:\demo\FREEPDB1\APPSDEMO\sql\export_orders.sql
Moved file: D:\users\ianbo\Documents\Business\Bond-and-Pollard\Admin\IT\source-repository\oracle-appsdemo\sql\import_demo.sql -> d:\demo\FREEPDB1\APPSDEMO\sql\import_demo.sql
Moved file: D:\users\ianbo\Documents\Business\Bond-and-Pollard\Admin\IT\source-repository\oracle-appsdemo\sql\import_errors.sql -> d:\demo\FREEPDB1\APPSDEMO\sql\import_errors.sql
Moved file: D:\users\ianbo\Documents\Business\Bond-and-Pollard\Admin\IT\source-repository\oracle-appsdemo\sql\import_order.sql -> d:\demo\FREEPDB1\APPSDEMO\sql\import_order.sql
Moved file: D:\users\ianbo\Documents\Business\Bond-and-Pollard\Admin\IT\source-repository\oracle-appsdemo\sql\import_stats.sql -> d:\demo\FREEPDB1\APPSDEMO\sql\import_stats.sql
Moved file: D:\users\ianbo\Documents\Business\Bond-and-Pollard\Admin\IT\source-repository\oracle-appsdemo\sql\orderpricecheck.sql -> d:\demo\FREEPDB1\APPSDEMO\sql\orderpricecheck.sql
Moved file: D:\users\ianbo\Documents\Business\Bond-and-Pollard\Admin\IT\source-repository\oracle-appsdemo\sql\orderpricecheck_subq.sql -> d:\demo\FREEPDB1\APPSDEMO\sql\orderpricecheck_subq.sql
Moved file: D:\users\ianbo\Documents\Business\Bond-and-Pollard\Admin\IT\source-repository\oracle-appsdemo\sql\orders.sql -> d:\demo\FREEPDB1\APPSDEMO\sql\orders.sql
Moved file: D:\users\ianbo\Documents\Business\Bond-and-Pollard\Admin\IT\source-repository\oracle-appsdemo\sql\orders_param.sql -> d:\demo\FREEPDB1\APPSDEMO\sql\orders_param.sql
Moved file: D:\users\ianbo\Documents\Business\Bond-and-Pollard\Admin\IT\source-repository\oracle-appsdemo\sql\productprices.sql -> d:\demo\FREEPDB1\APPSDEMO\sql\productprices.sql
Moved file: D:\users\ianbo\Documents\Business\Bond-and-Pollard\Admin\IT\source-repository\oracle-appsdemo\sql\productprices_RP.sql -> d:\demo\FREEPDB1\APPSDEMO\sql\productprices_RP.sql
Moved file: D:\users\ianbo\Documents\Business\Bond-and-Pollard\Admin\IT\source-repository\oracle-appsdemo\sql\sales_lowprice_loss.sql -> d:\demo\FREEPDB1\APPSDEMO\sql\sales_lowprice_loss.sql
Moved file: D:\users\ianbo\Documents\Business\Bond-and-Pollard\Admin\IT\source-repository\oracle-appsdemo\sql\stats_data.sql -> d:\demo\FREEPDB1\APPSDEMO\sql\stats_data.sql
Moved file: D:\users\ianbo\Documents\Business\Bond-and-Pollard\Admin\IT\source-repository\oracle-appsdemo\sql\stats_list.sql -> d:\demo\FREEPDB1\APPSDEMO\sql\stats_list.sql
Moved file: D:\users\ianbo\Documents\Business\Bond-and-Pollard\Admin\IT\source-repository\oracle-appsdemo\sql\stats_list_csv.sql -> d:\demo\FREEPDB1\APPSDEMO\sql\stats_list_csv.sql
Moved file: D:\users\ianbo\Documents\Business\Bond-and-Pollard\Admin\IT\source-repository\oracle-appsdemo\sql\stats_project.sql -> d:\demo\FREEPDB1\APPSDEMO\sql\stats_project.sql
Moved file: D:\users\ianbo\Documents\Business\Bond-and-Pollard\Admin\IT\source-repository\oracle-appsdemo\sql\stats_project_csv.sql -> d:\demo\FREEPDB1\APPSDEMO\sql\stats_project_csv.sql
Moved file: D:\users\ianbo\Documents\Business\Bond-and-Pollard\Admin\IT\source-repository\oracle-appsdemo\src\comp_static_setup.bat -> d:\demo\FREEPDB1\APPSDEMO\src\comp_static_setup.bat
Moved file: D:\users\ianbo\Documents\Business\Bond-and-Pollard\Admin\IT\source-repository\oracle-appsdemo\src\setup.cpp -> d:\demo\FREEPDB1\APPSDEMO\src\setup.cpp
Moved file: D:\users\ianbo\Documents\Business\Bond-and-Pollard\Admin\IT\source-repository\oracle-appsdemo\templates\dos script.bat -> d:\demo\FREEPDB1\APPSDEMO\templates\dos script.bat
Moved file: D:\users\ianbo\Documents\Business\Bond-and-Pollard\Admin\IT\source-repository\oracle-appsdemo\templates\pkg_template_body.pkb -> d:\demo\FREEPDB1\APPSDEMO\templates\pkg_template_body.pkb
Moved file: D:\users\ianbo\Documents\Business\Bond-and-Pollard\Admin\IT\source-repository\oracle-appsdemo\templates\pkg_template_spec.pks -> d:\demo\FREEPDB1\APPSDEMO\templates\pkg_template_spec.pks
Moved file: D:\users\ianbo\Documents\Business\Bond-and-Pollard\Admin\IT\source-repository\oracle-appsdemo\templates\sql_template.sql -> d:\demo\FREEPDB1\APPSDEMO\templates\sql_template.sql
Moved file: D:\users\ianbo\Documents\Business\Bond-and-Pollard\Admin\IT\source-repository\oracle-appsdemo\test\dates\benchmark_working_days_calculated.sql -> d:\demo\FREEPDB1\APPSDEMO\test\dates\benchmark_working_days_calculated.sql
Moved file: D:\users\ianbo\Documents\Business\Bond-and-Pollard\Admin\IT\source-repository\oracle-appsdemo\test\dates\benchmark_working_days_loop.sql -> d:\demo\FREEPDB1\APPSDEMO\test\dates\benchmark_working_days_loop.sql
Moved file: D:\users\ianbo\Documents\Business\Bond-and-Pollard\Admin\IT\source-repository\oracle-appsdemo\test\dates\test_count_weekday.sql -> d:\demo\FREEPDB1\APPSDEMO\test\dates\test_count_weekday.sql
Moved file: D:\users\ianbo\Documents\Business\Bond-and-Pollard\Admin\IT\source-repository\oracle-appsdemo\test\dates\test_date_conversion.sql -> d:\demo\FREEPDB1\APPSDEMO\test\dates\test_date_conversion.sql
Moved file: D:\users\ianbo\Documents\Business\Bond-and-Pollard\Admin\IT\source-repository\oracle-appsdemo\test\dates\test_dayname.sql -> d:\demo\FREEPDB1\APPSDEMO\test\dates\test_dayname.sql
Moved file: D:\users\ianbo\Documents\Business\Bond-and-Pollard\Admin\IT\source-repository\oracle-appsdemo\test\dates\test_day_of_month.sql -> d:\demo\FREEPDB1\APPSDEMO\test\dates\test_day_of_month.sql
Moved file: D:\users\ianbo\Documents\Business\Bond-and-Pollard\Admin\IT\source-repository\oracle-appsdemo\test\dates\test_easter.sql -> d:\demo\FREEPDB1\APPSDEMO\test\dates\test_easter.sql
Moved file: D:\users\ianbo\Documents\Business\Bond-and-Pollard\Admin\IT\source-repository\oracle-appsdemo\test\dates\test_easter_error_handling.sql -> d:\demo\FREEPDB1\APPSDEMO\test\dates\test_easter_error_handling.sql
Moved file: D:\users\ianbo\Documents\Business\Bond-and-Pollard\Admin\IT\source-repository\oracle-appsdemo\test\dates\test_easter_format.sql -> d:\demo\FREEPDB1\APPSDEMO\test\dates\test_easter_format.sql
Moved file: D:\users\ianbo\Documents\Business\Bond-and-Pollard\Admin\IT\source-repository\oracle-appsdemo\test\dates\test_easter_list.sql -> d:\demo\FREEPDB1\APPSDEMO\test\dates\test_easter_list.sql
Moved file: D:\users\ianbo\Documents\Business\Bond-and-Pollard\Admin\IT\source-repository\oracle-appsdemo\test\dates\test_working_days_between.sql -> d:\demo\FREEPDB1\APPSDEMO\test\dates\test_working_days_between.sql
Moved file: D:\users\ianbo\Documents\Business\Bond-and-Pollard\Admin\IT\source-repository\oracle-appsdemo\test\dates\test_working_days_calculated.sql -> d:\demo\FREEPDB1\APPSDEMO\test\dates\test_working_days_calculated.sql
Moved file: D:\users\ianbo\Documents\Business\Bond-and-Pollard\Admin\IT\source-repository\oracle-appsdemo\test\dates\test_working_day_of_month.sql -> d:\demo\FREEPDB1\APPSDEMO\test\dates\test_working_day_of_month.sql
Moved file: D:\users\ianbo\Documents\Business\Bond-and-Pollard\Admin\IT\source-repository\oracle-appsdemo\test\debug\applog_demo.sql -> d:\demo\FREEPDB1\APPSDEMO\test\debug\applog_demo.sql
Moved file: D:\users\ianbo\Documents\Business\Bond-and-Pollard\Admin\IT\source-repository\oracle-appsdemo\test\debug\applog_report.sql -> d:\demo\FREEPDB1\APPSDEMO\test\debug\applog_report.sql
Moved file: D:\users\ianbo\Documents\Business\Bond-and-Pollard\Admin\IT\source-repository\oracle-appsdemo\test\debug\debug.sql -> d:\demo\FREEPDB1\APPSDEMO\test\debug\debug.sql
Moved file: D:\users\ianbo\Documents\Business\Bond-and-Pollard\Admin\IT\source-repository\oracle-appsdemo\test\debug\test_applog.sql -> d:\demo\FREEPDB1\APPSDEMO\test\debug\test_applog.sql
Moved file: D:\users\ianbo\Documents\Business\Bond-and-Pollard\Admin\IT\source-repository\oracle-appsdemo\test\file_io\test_delete_csv.sql -> d:\demo\FREEPDB1\APPSDEMO\test\file_io\test_delete_csv.sql
Moved file: D:\users\ianbo\Documents\Business\Bond-and-Pollard\Admin\IT\source-repository\oracle-appsdemo\test\file_io\test_load_csv.sql -> d:\demo\FREEPDB1\APPSDEMO\test\file_io\test_load_csv.sql
Moved file: D:\users\ianbo\Documents\Business\Bond-and-Pollard\Admin\IT\source-repository\oracle-appsdemo\test\import\create_order_csv.sql -> d:\demo\FREEPDB1\APPSDEMO\test\import\create_order_csv.sql
Moved file: D:\users\ianbo\Documents\Business\Bond-and-Pollard\Admin\IT\source-repository\oracle-appsdemo\test\import\test_import_order.sql -> d:\demo\FREEPDB1\APPSDEMO\test\import\test_import_order.sql
Moved file: D:\users\ianbo\Documents\Business\Bond-and-Pollard\Admin\IT\source-repository\oracle-appsdemo\test\import\test_import_order_delete.sql -> d:\demo\FREEPDB1\APPSDEMO\test\import\test_import_order_delete.sql
Moved file: D:\users\ianbo\Documents\Business\Bond-and-Pollard\Admin\IT\source-repository\oracle-appsdemo\test\import\test_ordid_range.sql -> d:\demo\FREEPDB1\APPSDEMO\test\import\test_ordid_range.sql
Moved file: D:\users\ianbo\Documents\Business\Bond-and-Pollard\Admin\IT\source-repository\oracle-appsdemo\test\import\test_ordid_sequence.sql -> d:\demo\FREEPDB1\APPSDEMO\test\import\test_ordid_sequence.sql
Moved file: D:\users\ianbo\Documents\Business\Bond-and-Pollard\Admin\IT\source-repository\oracle-appsdemo\test\numeric\test_alphatodec.sql -> d:\demo\FREEPDB1\APPSDEMO\test\numeric\test_alphatodec.sql
Moved file: D:\users\ianbo\Documents\Business\Bond-and-Pollard\Admin\IT\source-repository\oracle-appsdemo\test\numeric\test_alpha_conversion.sql -> d:\demo\FREEPDB1\APPSDEMO\test\numeric\test_alpha_conversion.sql
Moved file: D:\users\ianbo\Documents\Business\Bond-and-Pollard\Admin\IT\source-repository\oracle-appsdemo\test\numeric\test_array_to_list.sql -> d:\demo\FREEPDB1\APPSDEMO\test\numeric\test_array_to_list.sql
Moved file: D:\users\ianbo\Documents\Business\Bond-and-Pollard\Admin\IT\source-repository\oracle-appsdemo\test\numeric\test_basetodec.sql -> d:\demo\FREEPDB1\APPSDEMO\test\numeric\test_basetodec.sql
Moved file: D:\users\ianbo\Documents\Business\Bond-and-Pollard\Admin\IT\source-repository\oracle-appsdemo\test\numeric\test_base_conversion.sql -> d:\demo\FREEPDB1\APPSDEMO\test\numeric\test_base_conversion.sql
Moved file: D:\users\ianbo\Documents\Business\Bond-and-Pollard\Admin\IT\source-repository\oracle-appsdemo\test\numeric\test_binary_chop_search.sql -> d:\demo\FREEPDB1\APPSDEMO\test\numeric\test_binary_chop_search.sql
Moved file: D:\users\ianbo\Documents\Business\Bond-and-Pollard\Admin\IT\source-repository\oracle-appsdemo\test\numeric\test_binary_rank.sql -> d:\demo\FREEPDB1\APPSDEMO\test\numeric\test_binary_rank.sql
Moved file: D:\users\ianbo\Documents\Business\Bond-and-Pollard\Admin\IT\source-repository\oracle-appsdemo\test\numeric\test_binary_search.sql -> d:\demo\FREEPDB1\APPSDEMO\test\numeric\test_binary_search.sql
Moved file: D:\users\ianbo\Documents\Business\Bond-and-Pollard\Admin\IT\source-repository\oracle-appsdemo\test\numeric\test_binary_search_all.sql -> d:\demo\FREEPDB1\APPSDEMO\test\numeric\test_binary_search_all.sql
Moved file: D:\users\ianbo\Documents\Business\Bond-and-Pollard\Admin\IT\source-repository\oracle-appsdemo\test\numeric\test_binary_search_leftmost.sql -> d:\demo\FREEPDB1\APPSDEMO\test\numeric\test_binary_search_leftmost.sql
Moved file: D:\users\ianbo\Documents\Business\Bond-and-Pollard\Admin\IT\source-repository\oracle-appsdemo\test\numeric\test_binary_search_leftmost_auto.sql -> d:\demo\FREEPDB1\APPSDEMO\test\numeric\test_binary_search_leftmost_auto.sql
Moved file: D:\users\ianbo\Documents\Business\Bond-and-Pollard\Admin\IT\source-repository\oracle-appsdemo\test\numeric\test_binary_search_nearest.sql -> d:\demo\FREEPDB1\APPSDEMO\test\numeric\test_binary_search_nearest.sql
Moved file: D:\users\ianbo\Documents\Business\Bond-and-Pollard\Admin\IT\source-repository\oracle-appsdemo\test\numeric\test_binary_search_predecessor.sql -> d:\demo\FREEPDB1\APPSDEMO\test\numeric\test_binary_search_predecessor.sql
Moved file: D:\users\ianbo\Documents\Business\Bond-and-Pollard\Admin\IT\source-repository\oracle-appsdemo\test\numeric\test_binary_search_range.sql -> d:\demo\FREEPDB1\APPSDEMO\test\numeric\test_binary_search_range.sql
Moved file: D:\users\ianbo\Documents\Business\Bond-and-Pollard\Admin\IT\source-repository\oracle-appsdemo\test\numeric\test_binary_search_rightmost.sql -> d:\demo\FREEPDB1\APPSDEMO\test\numeric\test_binary_search_rightmost.sql
Moved file: D:\users\ianbo\Documents\Business\Bond-and-Pollard\Admin\IT\source-repository\oracle-appsdemo\test\numeric\test_binary_search_rightmost_auto.sql -> d:\demo\FREEPDB1\APPSDEMO\test\numeric\test_binary_search_rightmost_auto.sql
Moved file: D:\users\ianbo\Documents\Business\Bond-and-Pollard\Admin\IT\source-repository\oracle-appsdemo\test\numeric\test_binary_search_rightmost_nomatch.sql -> d:\demo\FREEPDB1\APPSDEMO\test\numeric\test_binary_search_rightmost_nomatch.sql
Moved file: D:\users\ianbo\Documents\Business\Bond-and-Pollard\Admin\IT\source-repository\oracle-appsdemo\test\numeric\test_binary_search_sort_list.sql -> d:\demo\FREEPDB1\APPSDEMO\test\numeric\test_binary_search_sort_list.sql
Moved file: D:\users\ianbo\Documents\Business\Bond-and-Pollard\Admin\IT\source-repository\oracle-appsdemo\test\numeric\test_binary_search_SQL.sql -> d:\demo\FREEPDB1\APPSDEMO\test\numeric\test_binary_search_SQL.sql
Moved file: D:\users\ianbo\Documents\Business\Bond-and-Pollard\Admin\IT\source-repository\oracle-appsdemo\test\numeric\test_binary_search_successor.sql -> d:\demo\FREEPDB1\APPSDEMO\test\numeric\test_binary_search_successor.sql
Moved file: D:\users\ianbo\Documents\Business\Bond-and-Pollard\Admin\IT\source-repository\oracle-appsdemo\test\numeric\test_dectoalpha.sql -> d:\demo\FREEPDB1\APPSDEMO\test\numeric\test_dectoalpha.sql
Moved file: D:\users\ianbo\Documents\Business\Bond-and-Pollard\Admin\IT\source-repository\oracle-appsdemo\test\numeric\test_dectobase.sql -> d:\demo\FREEPDB1\APPSDEMO\test\numeric\test_dectobase.sql
Moved file: D:\users\ianbo\Documents\Business\Bond-and-Pollard\Admin\IT\source-repository\oracle-appsdemo\test\numeric\test_dectobase_loop.sql -> d:\demo\FREEPDB1\APPSDEMO\test\numeric\test_dectobase_loop.sql
Moved file: D:\users\ianbo\Documents\Business\Bond-and-Pollard\Admin\IT\source-repository\oracle-appsdemo\test\numeric\test_dectohex.sql -> d:\demo\FREEPDB1\APPSDEMO\test\numeric\test_dectohex.sql
Moved file: D:\users\ianbo\Documents\Business\Bond-and-Pollard\Admin\IT\source-repository\oracle-appsdemo\test\numeric\test_dectohex_loop.sql -> d:\demo\FREEPDB1\APPSDEMO\test\numeric\test_dectohex_loop.sql
Moved file: D:\users\ianbo\Documents\Business\Bond-and-Pollard\Admin\IT\source-repository\oracle-appsdemo\test\numeric\test_factorial.sql -> d:\demo\FREEPDB1\APPSDEMO\test\numeric\test_factorial.sql
Moved file: D:\users\ianbo\Documents\Business\Bond-and-Pollard\Admin\IT\source-repository\oracle-appsdemo\test\numeric\test_frequency_table.sql -> d:\demo\FREEPDB1\APPSDEMO\test\numeric\test_frequency_table.sql
Moved file: D:\users\ianbo\Documents\Business\Bond-and-Pollard\Admin\IT\source-repository\oracle-appsdemo\test\numeric\test_hextodec.sql -> d:\demo\FREEPDB1\APPSDEMO\test\numeric\test_hextodec.sql
Moved file: D:\users\ianbo\Documents\Business\Bond-and-Pollard\Admin\IT\source-repository\oracle-appsdemo\test\numeric\test_hex_convert.sql -> d:\demo\FREEPDB1\APPSDEMO\test\numeric\test_hex_convert.sql
Moved file: D:\users\ianbo\Documents\Business\Bond-and-Pollard\Admin\IT\source-repository\oracle-appsdemo\test\numeric\test_hex_errors.sql -> d:\demo\FREEPDB1\APPSDEMO\test\numeric\test_hex_errors.sql
Moved file: D:\users\ianbo\Documents\Business\Bond-and-Pollard\Admin\IT\source-repository\oracle-appsdemo\test\numeric\test_is_odd.sql -> d:\demo\FREEPDB1\APPSDEMO\test\numeric\test_is_odd.sql
Moved file: D:\users\ianbo\Documents\Business\Bond-and-Pollard\Admin\IT\source-repository\oracle-appsdemo\test\numeric\test_is_sorted_array.sql -> d:\demo\FREEPDB1\APPSDEMO\test\numeric\test_is_sorted_array.sql
Moved file: D:\users\ianbo\Documents\Business\Bond-and-Pollard\Admin\IT\source-repository\oracle-appsdemo\test\numeric\test_is_sorted_list.sql -> d:\demo\FREEPDB1\APPSDEMO\test\numeric\test_is_sorted_list.sql
Moved file: D:\users\ianbo\Documents\Business\Bond-and-Pollard\Admin\IT\source-repository\oracle-appsdemo\test\numeric\test_median.sql -> d:\demo\FREEPDB1\APPSDEMO\test\numeric\test_median.sql
Moved file: D:\users\ianbo\Documents\Business\Bond-and-Pollard\Admin\IT\source-repository\oracle-appsdemo\test\numeric\test_query_alphatodec.sql -> d:\demo\FREEPDB1\APPSDEMO\test\numeric\test_query_alphatodec.sql
Moved file: D:\users\ianbo\Documents\Business\Bond-and-Pollard\Admin\IT\source-repository\oracle-appsdemo\test\numeric\test_query_dectoalpha.sql -> d:\demo\FREEPDB1\APPSDEMO\test\numeric\test_query_dectoalpha.sql
Moved file: D:\users\ianbo\Documents\Business\Bond-and-Pollard\Admin\IT\source-repository\oracle-appsdemo\test\numeric\test_query_num_to_alphanumeric.sql -> d:\demo\FREEPDB1\APPSDEMO\test\numeric\test_query_num_to_alphanumeric.sql
Moved file: D:\users\ianbo\Documents\Business\Bond-and-Pollard\Admin\IT\source-repository\oracle-appsdemo\test\numeric\test_random_binary.sql -> d:\demo\FREEPDB1\APPSDEMO\test\numeric\test_random_binary.sql
Moved file: D:\users\ianbo\Documents\Business\Bond-and-Pollard\Admin\IT\source-repository\oracle-appsdemo\test\numeric\test_remove_duplicates.sql -> d:\demo\FREEPDB1\APPSDEMO\test\numeric\test_remove_duplicates.sql
Moved file: D:\users\ianbo\Documents\Business\Bond-and-Pollard\Admin\IT\source-repository\oracle-appsdemo\test\numeric\test_search_unsorted.sql -> d:\demo\FREEPDB1\APPSDEMO\test\numeric\test_search_unsorted.sql
Moved file: D:\users\ianbo\Documents\Business\Bond-and-Pollard\Admin\IT\source-repository\oracle-appsdemo\test\numeric\test_sort_numbers.sql -> d:\demo\FREEPDB1\APPSDEMO\test\numeric\test_sort_numbers.sql
Moved file: D:\users\ianbo\Documents\Business\Bond-and-Pollard\Admin\IT\source-repository\oracle-appsdemo\test\numeric\test_statistics_csv.sql -> d:\demo\FREEPDB1\APPSDEMO\test\numeric\test_statistics_csv.sql
Moved file: D:\users\ianbo\Documents\Business\Bond-and-Pollard\Admin\IT\source-repository\oracle-appsdemo\test\numeric\test_statistics_emp.sql -> d:\demo\FREEPDB1\APPSDEMO\test\numeric\test_statistics_emp.sql
Moved file: D:\users\ianbo\Documents\Business\Bond-and-Pollard\Admin\IT\source-repository\oracle-appsdemo\test\numeric\test_statistics_emp_SQL.sql -> d:\demo\FREEPDB1\APPSDEMO\test\numeric\test_statistics_emp_SQL.sql
Moved file: D:\users\ianbo\Documents\Business\Bond-and-Pollard\Admin\IT\source-repository\oracle-appsdemo\test\numeric\test_statistics_prompt.sql -> d:\demo\FREEPDB1\APPSDEMO\test\numeric\test_statistics_prompt.sql
Moved file: D:\users\ianbo\Documents\Business\Bond-and-Pollard\Admin\IT\source-repository\oracle-appsdemo\test\numeric\test_stats_bind.sql -> d:\demo\FREEPDB1\APPSDEMO\test\numeric\test_stats_bind.sql
Moved file: D:\users\ianbo\Documents\Business\Bond-and-Pollard\Admin\IT\source-repository\oracle-appsdemo\test\numeric\test_stats_data.sql -> d:\demo\FREEPDB1\APPSDEMO\test\numeric\test_stats_data.sql
Moved file: D:\users\ianbo\Documents\Business\Bond-and-Pollard\Admin\IT\source-repository\oracle-appsdemo\test\numeric\test_stats_pct_usage.sql -> d:\demo\FREEPDB1\APPSDEMO\test\numeric\test_stats_pct_usage.sql
Moved file: D:\users\ianbo\Documents\Business\Bond-and-Pollard\Admin\IT\source-repository\oracle-appsdemo\test\numeric\test_stats_project.sql -> d:\demo\FREEPDB1\APPSDEMO\test\numeric\test_stats_project.sql
Moved file: D:\users\ianbo\Documents\Business\Bond-and-Pollard\Admin\IT\source-repository\oracle-appsdemo\test\numeric\test_stats_project_export.sql -> d:\demo\FREEPDB1\APPSDEMO\test\numeric\test_stats_project_export.sql
Moved file: D:\users\ianbo\Documents\Business\Bond-and-Pollard\Admin\IT\source-repository\oracle-appsdemo\test\reports\check_order_total.sql -> d:\demo\FREEPDB1\APPSDEMO\test\reports\check_order_total.sql
Moved file: D:\users\ianbo\Documents\Business\Bond-and-Pollard\Admin\IT\source-repository\oracle-appsdemo\test\reports\test_orderpricecheck_subq.sql -> d:\demo\FREEPDB1\APPSDEMO\test\reports\test_orderpricecheck_subq.sql
Moved file: D:\users\ianbo\Documents\Business\Bond-and-Pollard\Admin\IT\source-repository\oracle-appsdemo\test\strings\demo\test_alphacode.sql -> d:\demo\FREEPDB1\APPSDEMO\test\strings\demo\test_alphacode.sql
Moved file: D:\users\ianbo\Documents\Business\Bond-and-Pollard\Admin\IT\source-repository\oracle-appsdemo\test\strings\demo\test_alphacode_array.sql -> d:\demo\FREEPDB1\APPSDEMO\test\strings\demo\test_alphacode_array.sql
Moved file: D:\users\ianbo\Documents\Business\Bond-and-Pollard\Admin\IT\source-repository\oracle-appsdemo\test\strings\demo\test_alphacode_array_param.sql -> d:\demo\FREEPDB1\APPSDEMO\test\strings\demo\test_alphacode_array_param.sql
Moved file: D:\users\ianbo\Documents\Business\Bond-and-Pollard\Admin\IT\source-repository\oracle-appsdemo\test\strings\demo\test_alphacode_calc.sql -> d:\demo\FREEPDB1\APPSDEMO\test\strings\demo\test_alphacode_calc.sql
Moved file: D:\users\ianbo\Documents\Business\Bond-and-Pollard\Admin\IT\source-repository\oracle-appsdemo\test\strings\demo\test_alphacode_calc_na.sql -> d:\demo\FREEPDB1\APPSDEMO\test\strings\demo\test_alphacode_calc_na.sql
Moved file: D:\users\ianbo\Documents\Business\Bond-and-Pollard\Admin\IT\source-repository\oracle-appsdemo\test\strings\demo\test_alphacode_calc_param.sql -> d:\demo\FREEPDB1\APPSDEMO\test\strings\demo\test_alphacode_calc_param.sql
Moved file: D:\users\ianbo\Documents\Business\Bond-and-Pollard\Admin\IT\source-repository\oracle-appsdemo\test\strings\demo\test_alphacode_param.sql -> d:\demo\FREEPDB1\APPSDEMO\test\strings\demo\test_alphacode_param.sql
Moved file: D:\users\ianbo\Documents\Business\Bond-and-Pollard\Admin\IT\source-repository\oracle-appsdemo\test\strings\demo\test_alphacode_range.sql -> d:\demo\FREEPDB1\APPSDEMO\test\strings\demo\test_alphacode_range.sql
Moved file: D:\users\ianbo\Documents\Business\Bond-and-Pollard\Admin\IT\source-repository\oracle-appsdemo\test\strings\demo\test_alphadecode.sql -> d:\demo\FREEPDB1\APPSDEMO\test\strings\demo\test_alphadecode.sql
Moved file: D:\users\ianbo\Documents\Business\Bond-and-Pollard\Admin\IT\source-repository\oracle-appsdemo\test\strings\demo\test_atg_alphacode_decode.sql -> d:\demo\FREEPDB1\APPSDEMO\test\strings\demo\test_atg_alphacode_decode.sql
Moved file: D:\users\ianbo\Documents\Business\Bond-and-Pollard\Admin\IT\source-repository\oracle-appsdemo\test\strings\demo\test_atg_alphacode_param.sql -> d:\demo\FREEPDB1\APPSDEMO\test\strings\demo\test_atg_alphacode_param.sql
Moved file: D:\users\ianbo\Documents\Business\Bond-and-Pollard\Admin\IT\source-repository\oracle-appsdemo\test\strings\demo\test_atg_alphacode_wrong_loop.sql -> d:\demo\FREEPDB1\APPSDEMO\test\strings\demo\test_atg_alphacode_wrong_loop.sql
Moved file: D:\users\ianbo\Documents\Business\Bond-and-Pollard\Admin\IT\source-repository\oracle-appsdemo\test\strings\demo\test_atg_alphacode_wrong_param.sql -> d:\demo\FREEPDB1\APPSDEMO\test\strings\demo\test_atg_alphacode_wrong_param.sql
Moved file: D:\users\ianbo\Documents\Business\Bond-and-Pollard\Admin\IT\source-repository\oracle-appsdemo\test\strings\test_count_fields.sql -> d:\demo\FREEPDB1\APPSDEMO\test\strings\test_count_fields.sql
Moved file: D:\users\ianbo\Documents\Business\Bond-and-Pollard\Admin\IT\source-repository\oracle-appsdemo\test\strings\test_count_fields_csv.sql -> d:\demo\FREEPDB1\APPSDEMO\test\strings\test_count_fields_csv.sql
Moved file: D:\users\ianbo\Documents\Business\Bond-and-Pollard\Admin\IT\source-repository\oracle-appsdemo\test\strings\test_csv.sql -> d:\demo\FREEPDB1\APPSDEMO\test\strings\test_csv.sql
Moved file: D:\users\ianbo\Documents\Business\Bond-and-Pollard\Admin\IT\source-repository\oracle-appsdemo\test\strings\test_csv_quotes.sql -> d:\demo\FREEPDB1\APPSDEMO\test\strings\test_csv_quotes.sql
Moved file: D:\users\ianbo\Documents\Business\Bond-and-Pollard\Admin\IT\source-repository\oracle-appsdemo\test\strings\test_field_extract.sql -> d:\demo\FREEPDB1\APPSDEMO\test\strings\test_field_extract.sql
Moved file: D:\users\ianbo\Documents\Business\Bond-and-Pollard\Admin\IT\source-repository\oracle-appsdemo\test\strings\test_get_field_csv.sql -> d:\demo\FREEPDB1\APPSDEMO\test\strings\test_get_field_csv.sql
Moved file: D:\users\ianbo\Documents\Business\Bond-and-Pollard\Admin\IT\source-repository\oracle-appsdemo\test\strings\test_get_field_nospace.sql -> d:\demo\FREEPDB1\APPSDEMO\test\strings\test_get_field_nospace.sql
Moved file: D:\users\ianbo\Documents\Business\Bond-and-Pollard\Admin\IT\source-repository\oracle-appsdemo\test\strings\test_name_initcap.sql -> d:\demo\FREEPDB1\APPSDEMO\test\strings\test_name_initcap.sql
Moved file: D:\users\ianbo\Documents\Business\Bond-and-Pollard\Admin\IT\source-repository\oracle-appsdemo\test\strings\test_replace.sql -> d:\demo\FREEPDB1\APPSDEMO\test\strings\test_replace.sql
Moved file: D:\users\ianbo\Documents\Business\Bond-and-Pollard\Admin\IT\source-repository\oracle-appsdemo\test\strings\test_sort_list.sql -> d:\demo\FREEPDB1\APPSDEMO\test\strings\test_sort_list.sql
Moved file: D:\users\ianbo\Documents\Business\Bond-and-Pollard\Admin\IT\source-repository\oracle-appsdemo\test\strings\test_sort_string.sql -> d:\demo\FREEPDB1\APPSDEMO\test\strings\test_sort_string.sql
Moved file: D:\users\ianbo\Documents\Business\Bond-and-Pollard\Admin\IT\source-repository\oracle-appsdemo\test\strings\test_string_array_to_list.sql -> d:\demo\FREEPDB1\APPSDEMO\test\strings\test_string_array_to_list.sql
Moved file: D:\users\ianbo\Documents\Business\Bond-and-Pollard\Admin\IT\source-repository\oracle-appsdemo\test\strings\test_textconvert.sql -> d:\demo\FREEPDB1\APPSDEMO\test\strings\test_textconvert.sql
Moved file: D:\users\ianbo\Documents\Business\Bond-and-Pollard\Admin\IT\source-repository\oracle-appsdemo\test\test_data\test_data_csv.sql -> d:\demo\FREEPDB1\APPSDEMO\test\test_data\test_data_csv.sql
Moved file: D:\users\ianbo\Documents\Business\Bond-and-Pollard\Admin\IT\source-repository\oracle-appsdemo\test\test_data\test_data_holiday.sql -> d:\demo\FREEPDB1\APPSDEMO\test\test_data\test_data_holiday.sql
APP_HOME created.
Creating DATA_HOME. Moving files from D:\users\ianbo\Documents\Business\Bond-and-Pollard\Admin\IT\source-repository\oracle-appsdemo\data to d:\demo\FREEPDB1\APPSDEMO\data...

Moved file: D:\users\ianbo\Documents\Business\Bond-and-Pollard\Admin\IT\source-repository\oracle-appsdemo\data\data_in\error\placeholder-data-error.md -> d:\demo\FREEPDB1\APPSDEMO\data\data_in\error\placeholder-data-error.md
Moved file: D:\users\ianbo\Documents\Business\Bond-and-Pollard\Admin\IT\source-repository\oracle-appsdemo\data\data_in\processed\stats_test9 sunshine.csv -> d:\demo\FREEPDB1\APPSDEMO\data\data_in\processed\stats_test9 sunshine.csv
Moved file: D:\users\ianbo\Documents\Business\Bond-and-Pollard\Admin\IT\source-repository\oracle-appsdemo\data\data_out\stats_1_20260413_210444.csv -> d:\demo\FREEPDB1\APPSDEMO\data\data_out\stats_1_20260413_210444.csv
Moved file: D:\users\ianbo\Documents\Business\Bond-and-Pollard\Admin\IT\source-repository\oracle-appsdemo\data\data_out\stats_1_20260414_230426.csv -> d:\demo\FREEPDB1\APPSDEMO\data\data_out\stats_1_20260414_230426.csv
Moved file: D:\users\ianbo\Documents\Business\Bond-and-Pollard\Admin\IT\source-repository\oracle-appsdemo\data\data_out\stats_1_20260417_140404.csv -> d:\demo\FREEPDB1\APPSDEMO\data\data_out\stats_1_20260417_140404.csv
Moved file: D:\users\ianbo\Documents\Business\Bond-and-Pollard\Admin\IT\source-repository\oracle-appsdemo\data\data_out\stats_1_20260420_210403.csv -> d:\demo\FREEPDB1\APPSDEMO\data\data_out\stats_1_20260420_210403.csv
Moved file: D:\users\ianbo\Documents\Business\Bond-and-Pollard\Admin\IT\source-repository\oracle-appsdemo\data\data_out\stats_1_20260423_190440.csv -> d:\demo\FREEPDB1\APPSDEMO\data\data_out\stats_1_20260423_190440.csv
Moved file: D:\users\ianbo\Documents\Business\Bond-and-Pollard\Admin\IT\source-repository\oracle-appsdemo\data\data_out\stats_1_20260423_190458.csv -> d:\demo\FREEPDB1\APPSDEMO\data\data_out\stats_1_20260423_190458.csv
Moved file: D:\users\ianbo\Documents\Business\Bond-and-Pollard\Admin\IT\source-repository\oracle-appsdemo\data\data_out\stats_1_20260507_210543.csv -> d:\demo\FREEPDB1\APPSDEMO\data\data_out\stats_1_20260507_210543.csv
Moved file: D:\users\ianbo\Documents\Business\Bond-and-Pollard\Admin\IT\source-repository\oracle-appsdemo\data\data_out\stats_1_20260509_140528.csv -> d:\demo\FREEPDB1\APPSDEMO\data\data_out\stats_1_20260509_140528.csv
Moved file: D:\users\ianbo\Documents\Business\Bond-and-Pollard\Admin\IT\source-repository\oracle-appsdemo\data\data_out\stats_1_20260509_190516.csv -> d:\demo\FREEPDB1\APPSDEMO\data\data_out\stats_1_20260509_190516.csv
Moved file: D:\users\ianbo\Documents\Business\Bond-and-Pollard\Admin\IT\source-repository\oracle-appsdemo\data\data_out\stats_1_20260510_090540.csv -> d:\demo\FREEPDB1\APPSDEMO\data\data_out\stats_1_20260510_090540.csv
Moved file: D:\users\ianbo\Documents\Business\Bond-and-Pollard\Admin\IT\source-repository\oracle-appsdemo\data\data_out\stats_1_20260510_130535.csv -> d:\demo\FREEPDB1\APPSDEMO\data\data_out\stats_1_20260510_130535.csv
Moved file: D:\users\ianbo\Documents\Business\Bond-and-Pollard\Admin\IT\source-repository\oracle-appsdemo\data\data_out\stats_2_20260413_210444.csv -> d:\demo\FREEPDB1\APPSDEMO\data\data_out\stats_2_20260413_210444.csv
Moved file: D:\users\ianbo\Documents\Business\Bond-and-Pollard\Admin\IT\source-repository\oracle-appsdemo\data\data_out\stats_2_20260417_150434.csv -> d:\demo\FREEPDB1\APPSDEMO\data\data_out\stats_2_20260417_150434.csv
Moved file: D:\users\ianbo\Documents\Business\Bond-and-Pollard\Admin\IT\source-repository\oracle-appsdemo\data\data_out\stats_3_20260413_210445.csv -> d:\demo\FREEPDB1\APPSDEMO\data\data_out\stats_3_20260413_210445.csv
Moved file: D:\users\ianbo\Documents\Business\Bond-and-Pollard\Admin\IT\source-repository\oracle-appsdemo\data\data_out\stats_3_20260417_150434.csv -> d:\demo\FREEPDB1\APPSDEMO\data\data_out\stats_3_20260417_150434.csv
Moved file: D:\users\ianbo\Documents\Business\Bond-and-Pollard\Admin\IT\source-repository\oracle-appsdemo\data\data_out\stats_4_20260417_160402.csv -> d:\demo\FREEPDB1\APPSDEMO\data\data_out\stats_4_20260417_160402.csv
Moved file: D:\users\ianbo\Documents\Business\Bond-and-Pollard\Admin\IT\source-repository\oracle-appsdemo\data\data_out\stats_4_20260417_160455.csv -> d:\demo\FREEPDB1\APPSDEMO\data\data_out\stats_4_20260417_160455.csv
Moved file: D:\users\ianbo\Documents\Business\Bond-and-Pollard\Admin\IT\source-repository\oracle-appsdemo\data\pending\demo1.csv -> d:\demo\FREEPDB1\APPSDEMO\data\pending\demo1.csv
Moved file: D:\users\ianbo\Documents\Business\Bond-and-Pollard\Admin\IT\source-repository\oracle-appsdemo\data\pending\demo10.csv -> d:\demo\FREEPDB1\APPSDEMO\data\pending\demo10.csv
Moved file: D:\users\ianbo\Documents\Business\Bond-and-Pollard\Admin\IT\source-repository\oracle-appsdemo\data\pending\demo11 NULL DATE.csv -> d:\demo\FREEPDB1\APPSDEMO\data\pending\demo11 NULL DATE.csv
Moved file: D:\users\ianbo\Documents\Business\Bond-and-Pollard\Admin\IT\source-repository\oracle-appsdemo\data\pending\demo12..csv -> d:\demo\FREEPDB1\APPSDEMO\data\pending\demo12..csv
Moved file: D:\users\ianbo\Documents\Business\Bond-and-Pollard\Admin\IT\source-repository\oracle-appsdemo\data\pending\demo12.csv -> d:\demo\FREEPDB1\APPSDEMO\data\pending\demo12.csv
Moved file: D:\users\ianbo\Documents\Business\Bond-and-Pollard\Admin\IT\source-repository\oracle-appsdemo\data\pending\demo13.csv -> d:\demo\FREEPDB1\APPSDEMO\data\pending\demo13.csv
Moved file: D:\users\ianbo\Documents\Business\Bond-and-Pollard\Admin\IT\source-repository\oracle-appsdemo\data\pending\demo2.csv -> d:\demo\FREEPDB1\APPSDEMO\data\pending\demo2.csv
Moved file: D:\users\ianbo\Documents\Business\Bond-and-Pollard\Admin\IT\source-repository\oracle-appsdemo\data\pending\demo3.csv -> d:\demo\FREEPDB1\APPSDEMO\data\pending\demo3.csv
Moved file: D:\users\ianbo\Documents\Business\Bond-and-Pollard\Admin\IT\source-repository\oracle-appsdemo\data\pending\demo4.csv -> d:\demo\FREEPDB1\APPSDEMO\data\pending\demo4.csv
Moved file: D:\users\ianbo\Documents\Business\Bond-and-Pollard\Admin\IT\source-repository\oracle-appsdemo\data\pending\demo5.csv -> d:\demo\FREEPDB1\APPSDEMO\data\pending\demo5.csv
Moved file: D:\users\ianbo\Documents\Business\Bond-and-Pollard\Admin\IT\source-repository\oracle-appsdemo\data\pending\demo6.csv -> d:\demo\FREEPDB1\APPSDEMO\data\pending\demo6.csv
Moved file: D:\users\ianbo\Documents\Business\Bond-and-Pollard\Admin\IT\source-repository\oracle-appsdemo\data\pending\demo7.csv -> d:\demo\FREEPDB1\APPSDEMO\data\pending\demo7.csv
Moved file: D:\users\ianbo\Documents\Business\Bond-and-Pollard\Admin\IT\source-repository\oracle-appsdemo\data\pending\demo8.csv -> d:\demo\FREEPDB1\APPSDEMO\data\pending\demo8.csv
Moved file: D:\users\ianbo\Documents\Business\Bond-and-Pollard\Admin\IT\source-repository\oracle-appsdemo\data\pending\demo9.csv -> d:\demo\FREEPDB1\APPSDEMO\data\pending\demo9.csv
Moved file: D:\users\ianbo\Documents\Business\Bond-and-Pollard\Admin\IT\source-repository\oracle-appsdemo\data\pending\order_data 001 ERRORS.csv -> d:\demo\FREEPDB1\APPSDEMO\data\pending\order_data 001 ERRORS.csv
Moved file: D:\users\ianbo\Documents\Business\Bond-and-Pollard\Admin\IT\source-repository\oracle-appsdemo\data\pending\order_data 001 FIXED.csv -> d:\demo\FREEPDB1\APPSDEMO\data\pending\order_data 001 FIXED.csv
Moved file: D:\users\ianbo\Documents\Business\Bond-and-Pollard\Admin\IT\source-repository\oracle-appsdemo\data\pending\order_data 002 DUPLICATE.csv -> d:\demo\FREEPDB1\APPSDEMO\data\pending\order_data 002 DUPLICATE.csv
Moved file: D:\users\ianbo\Documents\Business\Bond-and-Pollard\Admin\IT\source-repository\oracle-appsdemo\data\pending\order_data 003 ERRORS.csv -> d:\demo\FREEPDB1\APPSDEMO\data\pending\order_data 003 ERRORS.csv
Moved file: D:\users\ianbo\Documents\Business\Bond-and-Pollard\Admin\IT\source-repository\oracle-appsdemo\data\pending\order_data 003 FIXED.csv -> d:\demo\FREEPDB1\APPSDEMO\data\pending\order_data 003 FIXED.csv
Moved file: D:\users\ianbo\Documents\Business\Bond-and-Pollard\Admin\IT\source-repository\oracle-appsdemo\data\pending\order_data 004.csv -> d:\demo\FREEPDB1\APPSDEMO\data\pending\order_data 004.csv
Moved file: D:\users\ianbo\Documents\Business\Bond-and-Pollard\Admin\IT\source-repository\oracle-appsdemo\data\pending\order_data 005 ERRORS.csv -> d:\demo\FREEPDB1\APPSDEMO\data\pending\order_data 005 ERRORS.csv
Moved file: D:\users\ianbo\Documents\Business\Bond-and-Pollard\Admin\IT\source-repository\oracle-appsdemo\data\pending\order_data 005 FIXED.csv -> d:\demo\FREEPDB1\APPSDEMO\data\pending\order_data 005 FIXED.csv
Moved file: D:\users\ianbo\Documents\Business\Bond-and-Pollard\Admin\IT\source-repository\oracle-appsdemo\data\pending\order_data 006.csv -> d:\demo\FREEPDB1\APPSDEMO\data\pending\order_data 006.csv
Moved file: D:\users\ianbo\Documents\Business\Bond-and-Pollard\Admin\IT\source-repository\oracle-appsdemo\data\pending\order_data 007 ERRORS.csv -> d:\demo\FREEPDB1\APPSDEMO\data\pending\order_data 007 ERRORS.csv
Moved file: D:\users\ianbo\Documents\Business\Bond-and-Pollard\Admin\IT\source-repository\oracle-appsdemo\data\pending\order_data 007 FIXED.csv -> d:\demo\FREEPDB1\APPSDEMO\data\pending\order_data 007 FIXED.csv
Moved file: D:\users\ianbo\Documents\Business\Bond-and-Pollard\Admin\IT\source-repository\oracle-appsdemo\data\pending\order_data 008 SHIPDATE ERRORS.csv -> d:\demo\FREEPDB1\APPSDEMO\data\pending\order_data 008 SHIPDATE ERRORS.csv
Moved file: D:\users\ianbo\Documents\Business\Bond-and-Pollard\Admin\IT\source-repository\oracle-appsdemo\data\pending\order_data 008 SHIPDATE FIXED.csv -> d:\demo\FREEPDB1\APPSDEMO\data\pending\order_data 008 SHIPDATE FIXED.csv
Moved file: D:\users\ianbo\Documents\Business\Bond-and-Pollard\Admin\IT\source-repository\oracle-appsdemo\data\pending\order_data 009.csv -> d:\demo\FREEPDB1\APPSDEMO\data\pending\order_data 009.csv
Moved file: D:\users\ianbo\Documents\Business\Bond-and-Pollard\Admin\IT\source-repository\oracle-appsdemo\data\pending\order_data 010.csv -> d:\demo\FREEPDB1\APPSDEMO\data\pending\order_data 010.csv
Moved file: D:\users\ianbo\Documents\Business\Bond-and-Pollard\Admin\IT\source-repository\oracle-appsdemo\data\pending\order_data 011 ERRORS.csv -> d:\demo\FREEPDB1\APPSDEMO\data\pending\order_data 011 ERRORS.csv
Moved file: D:\users\ianbo\Documents\Business\Bond-and-Pollard\Admin\IT\source-repository\oracle-appsdemo\data\pending\order_data 011 FIXED.csv -> d:\demo\FREEPDB1\APPSDEMO\data\pending\order_data 011 FIXED.csv
Moved file: D:\users\ianbo\Documents\Business\Bond-and-Pollard\Admin\IT\source-repository\oracle-appsdemo\data\pending\order_data 011 FIXEDDUPLICATE.csv -> d:\demo\FREEPDB1\APPSDEMO\data\pending\order_data 011 FIXEDDUPLICATE.csv
Moved file: D:\users\ianbo\Documents\Business\Bond-and-Pollard\Admin\IT\source-repository\oracle-appsdemo\data\pending\order_data 012 ERRORS.csv -> d:\demo\FREEPDB1\APPSDEMO\data\pending\order_data 012 ERRORS.csv
Moved file: D:\users\ianbo\Documents\Business\Bond-and-Pollard\Admin\IT\source-repository\oracle-appsdemo\data\pending\order_data 012 FIXED.csv -> d:\demo\FREEPDB1\APPSDEMO\data\pending\order_data 012 FIXED.csv
Moved file: D:\users\ianbo\Documents\Business\Bond-and-Pollard\Admin\IT\source-repository\oracle-appsdemo\data\pending\order_data 013.csv -> d:\demo\FREEPDB1\APPSDEMO\data\pending\order_data 013.csv
Moved file: D:\users\ianbo\Documents\Business\Bond-and-Pollard\Admin\IT\source-repository\oracle-appsdemo\data\pending\order_data 014 ERRORS.csv -> d:\demo\FREEPDB1\APPSDEMO\data\pending\order_data 014 ERRORS.csv
Moved file: D:\users\ianbo\Documents\Business\Bond-and-Pollard\Admin\IT\source-repository\oracle-appsdemo\data\pending\order_data 014 FIXED.csv -> d:\demo\FREEPDB1\APPSDEMO\data\pending\order_data 014 FIXED.csv
Moved file: D:\users\ianbo\Documents\Business\Bond-and-Pollard\Admin\IT\source-repository\oracle-appsdemo\data\pending\order_data 015.csv -> d:\demo\FREEPDB1\APPSDEMO\data\pending\order_data 015.csv
Moved file: D:\users\ianbo\Documents\Business\Bond-and-Pollard\Admin\IT\source-repository\oracle-appsdemo\data\pending\order_data 016.csv -> d:\demo\FREEPDB1\APPSDEMO\data\pending\order_data 016.csv
Moved file: D:\users\ianbo\Documents\Business\Bond-and-Pollard\Admin\IT\source-repository\oracle-appsdemo\data\pending\order_data 017 ERRORS.csv -> d:\demo\FREEPDB1\APPSDEMO\data\pending\order_data 017 ERRORS.csv
Moved file: D:\users\ianbo\Documents\Business\Bond-and-Pollard\Admin\IT\source-repository\oracle-appsdemo\data\pending\order_data 017 FIXED.csv -> d:\demo\FREEPDB1\APPSDEMO\data\pending\order_data 017 FIXED.csv
Moved file: D:\users\ianbo\Documents\Business\Bond-and-Pollard\Admin\IT\source-repository\oracle-appsdemo\data\pending\order_data 018.csv -> d:\demo\FREEPDB1\APPSDEMO\data\pending\order_data 018.csv
Moved file: D:\users\ianbo\Documents\Business\Bond-and-Pollard\Admin\IT\source-repository\oracle-appsdemo\data\pending\order_data 019 ERRORS.csv -> d:\demo\FREEPDB1\APPSDEMO\data\pending\order_data 019 ERRORS.csv
Moved file: D:\users\ianbo\Documents\Business\Bond-and-Pollard\Admin\IT\source-repository\oracle-appsdemo\data\pending\order_data 019 FIXED date format.csv -> d:\demo\FREEPDB1\APPSDEMO\data\pending\order_data 019 FIXED date format.csv
Moved file: D:\users\ianbo\Documents\Business\Bond-and-Pollard\Admin\IT\source-repository\oracle-appsdemo\data\pending\order_data 020.csv -> d:\demo\FREEPDB1\APPSDEMO\data\pending\order_data 020.csv
Moved file: D:\users\ianbo\Documents\Business\Bond-and-Pollard\Admin\IT\source-repository\oracle-appsdemo\data\pending\order_data 021.csv -> d:\demo\FREEPDB1\APPSDEMO\data\pending\order_data 021.csv
Moved file: D:\users\ianbo\Documents\Business\Bond-and-Pollard\Admin\IT\source-repository\oracle-appsdemo\data\pending\order_data 022.csv -> d:\demo\FREEPDB1\APPSDEMO\data\pending\order_data 022.csv
Moved file: D:\users\ianbo\Documents\Business\Bond-and-Pollard\Admin\IT\source-repository\oracle-appsdemo\data\pending\order_data 023.csv -> d:\demo\FREEPDB1\APPSDEMO\data\pending\order_data 023.csv
Moved file: D:\users\ianbo\Documents\Business\Bond-and-Pollard\Admin\IT\source-repository\oracle-appsdemo\data\pending\order_data 024.csv -> d:\demo\FREEPDB1\APPSDEMO\data\pending\order_data 024.csv
Moved file: D:\users\ianbo\Documents\Business\Bond-and-Pollard\Admin\IT\source-repository\oracle-appsdemo\data\pending\order_data 025.csv -> d:\demo\FREEPDB1\APPSDEMO\data\pending\order_data 025.csv
Moved file: D:\users\ianbo\Documents\Business\Bond-and-Pollard\Admin\IT\source-repository\oracle-appsdemo\data\pending\order_data 026.csv -> d:\demo\FREEPDB1\APPSDEMO\data\pending\order_data 026.csv
Moved file: D:\users\ianbo\Documents\Business\Bond-and-Pollard\Admin\IT\source-repository\oracle-appsdemo\data\pending\order_data 027.csv -> d:\demo\FREEPDB1\APPSDEMO\data\pending\order_data 027.csv
Moved file: D:\users\ianbo\Documents\Business\Bond-and-Pollard\Admin\IT\source-repository\oracle-appsdemo\data\pending\order_data 028.csv -> d:\demo\FREEPDB1\APPSDEMO\data\pending\order_data 028.csv
Moved file: D:\users\ianbo\Documents\Business\Bond-and-Pollard\Admin\IT\source-repository\oracle-appsdemo\data\pending\order_data 029.csv -> d:\demo\FREEPDB1\APPSDEMO\data\pending\order_data 029.csv
Moved file: D:\users\ianbo\Documents\Business\Bond-and-Pollard\Admin\IT\source-repository\oracle-appsdemo\data\pending\order_data 030.csv -> d:\demo\FREEPDB1\APPSDEMO\data\pending\order_data 030.csv
Moved file: D:\users\ianbo\Documents\Business\Bond-and-Pollard\Admin\IT\source-repository\oracle-appsdemo\data\pending\order_data 031.csv -> d:\demo\FREEPDB1\APPSDEMO\data\pending\order_data 031.csv
Moved file: D:\users\ianbo\Documents\Business\Bond-and-Pollard\Admin\IT\source-repository\oracle-appsdemo\data\pending\order_data 032.csv -> d:\demo\FREEPDB1\APPSDEMO\data\pending\order_data 032.csv
Moved file: D:\users\ianbo\Documents\Business\Bond-and-Pollard\Admin\IT\source-repository\oracle-appsdemo\data\pending\order_data 033.csv -> d:\demo\FREEPDB1\APPSDEMO\data\pending\order_data 033.csv
Moved file: D:\users\ianbo\Documents\Business\Bond-and-Pollard\Admin\IT\source-repository\oracle-appsdemo\data\pending\order_data 034.csv -> d:\demo\FREEPDB1\APPSDEMO\data\pending\order_data 034.csv
Moved file: D:\users\ianbo\Documents\Business\Bond-and-Pollard\Admin\IT\source-repository\oracle-appsdemo\data\pending\order_data 035.csv -> d:\demo\FREEPDB1\APPSDEMO\data\pending\order_data 035.csv
Moved file: D:\users\ianbo\Documents\Business\Bond-and-Pollard\Admin\IT\source-repository\oracle-appsdemo\data\pending\order_data 036.csv -> d:\demo\FREEPDB1\APPSDEMO\data\pending\order_data 036.csv
Moved file: D:\users\ianbo\Documents\Business\Bond-and-Pollard\Admin\IT\source-repository\oracle-appsdemo\data\pending\order_data 037.csv -> d:\demo\FREEPDB1\APPSDEMO\data\pending\order_data 037.csv
Moved file: D:\users\ianbo\Documents\Business\Bond-and-Pollard\Admin\IT\source-repository\oracle-appsdemo\data\pending\order_data 038 NULL FIRST.csv -> d:\demo\FREEPDB1\APPSDEMO\data\pending\order_data 038 NULL FIRST.csv
Moved file: D:\users\ianbo\Documents\Business\Bond-and-Pollard\Admin\IT\source-repository\oracle-appsdemo\data\pending\order_data 039.csv -> d:\demo\FREEPDB1\APPSDEMO\data\pending\order_data 039.csv
Moved file: D:\users\ianbo\Documents\Business\Bond-and-Pollard\Admin\IT\source-repository\oracle-appsdemo\data\pending\order_data 040 NULL ORD DATE.csv -> d:\demo\FREEPDB1\APPSDEMO\data\pending\order_data 040 NULL ORD DATE.csv
Moved file: D:\users\ianbo\Documents\Business\Bond-and-Pollard\Admin\IT\source-repository\oracle-appsdemo\data\pending\order_data 041 INVALID ORD DATE.csv -> d:\demo\FREEPDB1\APPSDEMO\data\pending\order_data 041 INVALID ORD DATE.csv
Moved file: D:\users\ianbo\Documents\Business\Bond-and-Pollard\Admin\IT\source-repository\oracle-appsdemo\data\pending\order_data 042 NULL ORDREF.csv -> d:\demo\FREEPDB1\APPSDEMO\data\pending\order_data 042 NULL ORDREF.csv
Moved file: D:\users\ianbo\Documents\Business\Bond-and-Pollard\Admin\IT\source-repository\oracle-appsdemo\data\pending\order_data 044.csv -> d:\demo\FREEPDB1\APPSDEMO\data\pending\order_data 044.csv
Moved file: D:\users\ianbo\Documents\Business\Bond-and-Pollard\Admin\IT\source-repository\oracle-appsdemo\data\pending\order_data 045.csv -> d:\demo\FREEPDB1\APPSDEMO\data\pending\order_data 045.csv
Moved file: D:\users\ianbo\Documents\Business\Bond-and-Pollard\Admin\IT\source-repository\oracle-appsdemo\data\pending\order_data 046.csv -> d:\demo\FREEPDB1\APPSDEMO\data\pending\order_data 046.csv
Moved file: D:\users\ianbo\Documents\Business\Bond-and-Pollard\Admin\IT\source-repository\oracle-appsdemo\data\pending\order_data 047.csv -> d:\demo\FREEPDB1\APPSDEMO\data\pending\order_data 047.csv
Moved file: D:\users\ianbo\Documents\Business\Bond-and-Pollard\Admin\IT\source-repository\oracle-appsdemo\data\pending\order_data 048.csv -> d:\demo\FREEPDB1\APPSDEMO\data\pending\order_data 048.csv
Moved file: D:\users\ianbo\Documents\Business\Bond-and-Pollard\Admin\IT\source-repository\oracle-appsdemo\data\pending\order_data 049.csv -> d:\demo\FREEPDB1\APPSDEMO\data\pending\order_data 049.csv
Moved file: D:\users\ianbo\Documents\Business\Bond-and-Pollard\Admin\IT\source-repository\oracle-appsdemo\data\pending\order_data 050 date format.csv -> d:\demo\FREEPDB1\APPSDEMO\data\pending\order_data 050 date format.csv
Moved file: D:\users\ianbo\Documents\Business\Bond-and-Pollard\Admin\IT\source-repository\oracle-appsdemo\data\pending\order_data 099 30K ROWS.csv -> d:\demo\FREEPDB1\APPSDEMO\data\pending\order_data 099 30K ROWS.csv
Moved file: D:\users\ianbo\Documents\Business\Bond-and-Pollard\Admin\IT\source-repository\oracle-appsdemo\data\pending\stats_demo.csv -> d:\demo\FREEPDB1\APPSDEMO\data\pending\stats_demo.csv
Moved file: D:\users\ianbo\Documents\Business\Bond-and-Pollard\Admin\IT\source-repository\oracle-appsdemo\data\pending\stats_demo2.csv -> d:\demo\FREEPDB1\APPSDEMO\data\pending\stats_demo2.csv
Moved file: D:\users\ianbo\Documents\Business\Bond-and-Pollard\Admin\IT\source-repository\oracle-appsdemo\data\pending\stats_demo3.csv -> d:\demo\FREEPDB1\APPSDEMO\data\pending\stats_demo3.csv
Moved file: D:\users\ianbo\Documents\Business\Bond-and-Pollard\Admin\IT\source-repository\oracle-appsdemo\data\pending\stats_demo4.csv -> d:\demo\FREEPDB1\APPSDEMO\data\pending\stats_demo4.csv
Moved file: D:\users\ianbo\Documents\Business\Bond-and-Pollard\Admin\IT\source-repository\oracle-appsdemo\data\pending\stats_demo_exam.csv -> d:\demo\FREEPDB1\APPSDEMO\data\pending\stats_demo_exam.csv
Moved file: D:\users\ianbo\Documents\Business\Bond-and-Pollard\Admin\IT\source-repository\oracle-appsdemo\data\pending\stats_test.csv -> d:\demo\FREEPDB1\APPSDEMO\data\pending\stats_test.csv
Moved file: D:\users\ianbo\Documents\Business\Bond-and-Pollard\Admin\IT\source-repository\oracle-appsdemo\data\pending\stats_test2 FIXED.csv -> d:\demo\FREEPDB1\APPSDEMO\data\pending\stats_test2 FIXED.csv
Moved file: D:\users\ianbo\Documents\Business\Bond-and-Pollard\Admin\IT\source-repository\oracle-appsdemo\data\pending\stats_test2.csv -> d:\demo\FREEPDB1\APPSDEMO\data\pending\stats_test2.csv
Moved file: D:\users\ianbo\Documents\Business\Bond-and-Pollard\Admin\IT\source-repository\oracle-appsdemo\data\pending\stats_test3 FIXED.csv -> d:\demo\FREEPDB1\APPSDEMO\data\pending\stats_test3 FIXED.csv
Moved file: D:\users\ianbo\Documents\Business\Bond-and-Pollard\Admin\IT\source-repository\oracle-appsdemo\data\pending\stats_test3.csv -> d:\demo\FREEPDB1\APPSDEMO\data\pending\stats_test3.csv
Moved file: D:\users\ianbo\Documents\Business\Bond-and-Pollard\Admin\IT\source-repository\oracle-appsdemo\data\pending\stats_test4.csv -> d:\demo\FREEPDB1\APPSDEMO\data\pending\stats_test4.csv
Moved file: D:\users\ianbo\Documents\Business\Bond-and-Pollard\Admin\IT\source-repository\oracle-appsdemo\data\pending\stats_test5.csv -> d:\demo\FREEPDB1\APPSDEMO\data\pending\stats_test5.csv
Moved file: D:\users\ianbo\Documents\Business\Bond-and-Pollard\Admin\IT\source-repository\oracle-appsdemo\data\pending\stats_test6 FIXED.csv -> d:\demo\FREEPDB1\APPSDEMO\data\pending\stats_test6 FIXED.csv
Moved file: D:\users\ianbo\Documents\Business\Bond-and-Pollard\Admin\IT\source-repository\oracle-appsdemo\data\pending\stats_test6.csv -> d:\demo\FREEPDB1\APPSDEMO\data\pending\stats_test6.csv
Moved file: D:\users\ianbo\Documents\Business\Bond-and-Pollard\Admin\IT\source-repository\oracle-appsdemo\data\pending\stats_test7.csv -> d:\demo\FREEPDB1\APPSDEMO\data\pending\stats_test7.csv
Moved file: D:\users\ianbo\Documents\Business\Bond-and-Pollard\Admin\IT\source-repository\oracle-appsdemo\data\pending\stats_test8 sunshine.csv -> d:\demo\FREEPDB1\APPSDEMO\data\pending\stats_test8 sunshine.csv
Moved file: D:\users\ianbo\Documents\Business\Bond-and-Pollard\Admin\IT\source-repository\oracle-appsdemo\data\pending\stats_test9 sunshine.csv -> d:\demo\FREEPDB1\APPSDEMO\data\pending\stats_test9 sunshine.csv
Moved file: D:\users\ianbo\Documents\Business\Bond-and-Pollard\Admin\IT\source-repository\oracle-appsdemo\data\pending\stats_test_a FIXED.csv -> d:\demo\FREEPDB1\APPSDEMO\data\pending\stats_test_a FIXED.csv
Moved file: D:\users\ianbo\Documents\Business\Bond-and-Pollard\Admin\IT\source-repository\oracle-appsdemo\data\received\test.csv -> d:\demo\FREEPDB1\APPSDEMO\data\received\test.csv
Moved file: D:\users\ianbo\Documents\Business\Bond-and-Pollard\Admin\IT\source-repository\oracle-appsdemo\data\received\test_myfile.csv -> d:\demo\FREEPDB1\APPSDEMO\data\received\test_myfile.csv
DATA_HOME created.
Creating d:\demo\FREEPDB1\APPSDEMO\config\set_env.sql...
SQL script generated: d:\demo\FREEPDB1\APPSDEMO\config\set_env.sql
Creating d:\demo\FREEPDB1\APPSDEMO\config\set_env.bat...
Script generated: d:\demo\FREEPDB1\APPSDEMO\config\set_env.bat
Creating d:\demo\FREEPDB1\APPSDEMO\install\auto_install.sql...
SQL script generated: d:\demo\FREEPDB1\APPSDEMO\install\auto_install.sql
Creating database objects.
Executing: sqlplus / as sysdba @"d:\demo\FREEPDB1\APPSDEMO\install\auto_install.sql"
Database objects created.
Shortcut created on Desktop: APPSDEMO


=======================
INSTALLATION PARAMETERS
=======================
Setup started in                     : D:\users\ianbo\Documents\Business\Bond-and-Pollard\Admin\IT\source-repository\oracle-appsdemo
Database Service                     : FREEPDB1
Listener Port                        : 1521
Database Connection                  : //localhost:1521/FREEPDB1
Application Owner (APP_OWNER)        : APPSDEMO
Connection User (CONNECT_USER)       : DEMO_CONNECT
Application Home Directory (APP_HOME): d:\demo\FREEPDB1\APPSDEMO
Application Home SQL (SQL_APP_HOME)  : d:\\demo\\FREEPDB1\\APPSDEMO
Data Home Directory (DATA_HOME)      : d:\demo\FREEPDB1\APPSDEMO\data
Data Home SQL (SQL_DATA_HOME)        : d:\\demo\\FREEPDB1\\APPSDEMO\\data
Setup Log                            : D:\users\ianbo\Documents\Business\Bond-and-Pollard\Admin\IT\source-repository\oracle-appsdemo\install.log


Installation complete. Press RETURN to exit.
********************************************
*                                          *
*      ORACLE DEMO APPLICATION SETUP       *
*                                          *
*      (c) Bond & Pollard Ltd 2026         *
*                                          *
********************************************

PREREQUISITES
You must install Oracle first

INSTRUCTIONS
This program will install the Oracle demo application.
You will be prompted to enter the parameters required to configure the demo app.
Press ENTER to accept the default values, or enter your own preferences.
Check the log for errors.

Setup is running from source directory: D:\users\ianbo\Documents\Business\Bond-and-Pollard\Admin\IT\source-repository\oracle-appsdemo

Starting setup at Sun May 10 14:02:52 2026

IMPORTANT: You must install Oracle before running this setup.

User confirmed installation to continue.
Prompting user for setup parameters.

Enter the pluggable database service name (Press Enter for default: FREEPDB1): 
>> User entered: FREEPDB1

Enter the application owner username (Press Enter for default: APPSDEMO): 
>> User entered: APPSDEMO

Enter the connection username (Press Enter for default: DEMO_CONNECT): 
>> User entered: DEMO_CONNECT

Enter the listener port (Press Enter for default: 1521): 
>> User entered: 1521

Specify the application home directory APP_HOME.
If specifying a different directory:
> Include the drive letter.
> Separate each directory with a single \. 
> e.g. D:\myapps\demo
> Do not end with a \ unless specifying just the drive root e.g. D:\ 
> You may include spaces and ampersands & in the APP_HOME path. 
> Do not include quotes " 
Enter APP_HOME directory path (Press Enter for default: D:\users\ianbo\Documents\Business\Bond-and-Pollard\Admin\IT\source-repository\oracle-appsdemo): 
>> User entered: D:\users\ianbo\Documents\Business\Bond-and-Pollard\Admin\IT\source-repository\oracle-appsdemo

Specify the data home directory DATA_HOME.
If specifying a different directory:
> Include the drive letter.
> Separate each directory with a single \. 
> e.g. D:\test\demo
> Do not end with a \ unless specifying just the drive root e.g. D:\ 
> Spaces are not allowed in this path.
> Do not include ampersands &. 
> Do not include quotes ". 
Enter the DATA_HOME data directory path (Press Enter for default: D:\users\ianbo\Documents\Business\Bond-and-Pollard\Admin\IT\source-repository\oracle-appsdemo): 
>> User entered: D:\users\ianbo\Documents\Business\Bond-and-Pollard\Admin\IT\source-repository\oracle-appsdemo


=======================
INSTALLATION PARAMETERS
=======================
Setup started in                     : D:\users\ianbo\Documents\Business\Bond-and-Pollard\Admin\IT\source-repository\oracle-appsdemo
Database Service                     : FREEPDB1
Listener Port                        : 1521
Database Connection                  : //localhost:1521/FREEPDB1
Application Owner (APP_OWNER)        : APPSDEMO
Connection User (CONNECT_USER)       : DEMO_CONNECT
Application Home Directory (APP_HOME): D:\users\ianbo\Documents\Business\Bond-and-Pollard\Admin\IT\source-repository\oracle-appsdemo
Application Home SQL (SQL_APP_HOME)  : D:\\users\\ianbo\\Documents\\Business\\Bond-and-Pollard\\Admin\\IT\\source-repository\\oracle-appsdemo
Data Home Directory (DATA_HOME)      : D:\users\ianbo\Documents\Business\Bond-and-Pollard\Admin\IT\source-repository\oracle-appsdemo\data
Data Home SQL (SQL_DATA_HOME)        : D:\\users\\ianbo\\Documents\\Business\\Bond-and-Pollard\\Admin\\IT\\source-repository\\oracle-appsdemo\\data
Setup Log                            : D:\users\ianbo\Documents\Business\Bond-and-Pollard\Admin\IT\source-repository\oracle-appsdemo\install.log

User confirmed installation to continue.

APP_HOME is set to D:\users\ianbo\Documents\Business\Bond-and-Pollard\Admin\IT\source-repository\oracle-appsdemo
DATA_HOME is set to D:\users\ianbo\Documents\Business\Bond-and-Pollard\Admin\IT\source-repository\oracle-appsdemo\data
Creating D:\users\ianbo\Documents\Business\Bond-and-Pollard\Admin\IT\source-repository\oracle-appsdemo\config\set_env.sql...
SQL script generated: D:\users\ianbo\Documents\Business\Bond-and-Pollard\Admin\IT\source-repository\oracle-appsdemo\config\set_env.sql
Creating D:\users\ianbo\Documents\Business\Bond-and-Pollard\Admin\IT\source-repository\oracle-appsdemo\config\set_env.bat...
Script generated: D:\users\ianbo\Documents\Business\Bond-and-Pollard\Admin\IT\source-repository\oracle-appsdemo\config\set_env.bat
Creating D:\users\ianbo\Documents\Business\Bond-and-Pollard\Admin\IT\source-repository\oracle-appsdemo\install\auto_install.sql...
SQL script generated: D:\users\ianbo\Documents\Business\Bond-and-Pollard\Admin\IT\source-repository\oracle-appsdemo\install\auto_install.sql
Creating database objects.
Executing: sqlplus / as sysdba @"D:\users\ianbo\Documents\Business\Bond-and-Pollard\Admin\IT\source-repository\oracle-appsdemo\install\auto_install.sql"
Database objects created.
Shortcut created on Desktop: APPSDEMO


=======================
INSTALLATION PARAMETERS
=======================
Setup started in                     : D:\users\ianbo\Documents\Business\Bond-and-Pollard\Admin\IT\source-repository\oracle-appsdemo
Database Service                     : FREEPDB1
Listener Port                        : 1521
Database Connection                  : //localhost:1521/FREEPDB1
Application Owner (APP_OWNER)        : APPSDEMO
Connection User (CONNECT_USER)       : DEMO_CONNECT
Application Home Directory (APP_HOME): D:\users\ianbo\Documents\Business\Bond-and-Pollard\Admin\IT\source-repository\oracle-appsdemo
Application Home SQL (SQL_APP_HOME)  : D:\\users\\ianbo\\Documents\\Business\\Bond-and-Pollard\\Admin\\IT\\source-repository\\oracle-appsdemo
Data Home Directory (DATA_HOME)      : D:\users\ianbo\Documents\Business\Bond-and-Pollard\Admin\IT\source-repository\oracle-appsdemo\data
Data Home SQL (SQL_DATA_HOME)        : D:\\users\\ianbo\\Documents\\Business\\Bond-and-Pollard\\Admin\\IT\\source-repository\\oracle-appsdemo\\data
Setup Log                            : D:\users\ianbo\Documents\Business\Bond-and-Pollard\Admin\IT\source-repository\oracle-appsdemo\install.log


Installation complete. Press RETURN to exit.
